artist,country,place_final,points_final,title,year
Anxhela Peristeri,Albania,21.0,57.0,Karma,2021
Montaigne,Australia,,,Technicolour,2021
Vincent Bueno,Austria,,,Amen,2021
Efendi,Azerbaijan,20.0,65.0,Mata Hari,2021
Hooverphonic,Belgium,19.0,74.0,The Wrong Place,2021
VICTORIA,Bulgaria,11.0,170.0,Growing Up Is Getting Old,2021
Albina,Croatia,,,Tick-Tock,2021
Elena Tsagrinou,Cyprus,16.0,94.0,El Diablo,2021
Benny Cristo,Czech Republic,,,omaga,2021
Fyr Og Flamme,Denmark,,,Øve Os På Hinanden,2021
Uku Suviste,Estonia,,,The Lucky One,2021
Blind Channel,Finland,6.0,301.0,Dark Side,2021
Barbara Pravi,France,2.0,499.0,Voilà,2021
Tornike Kipiani,Georgia,,,You,2021
Jendrik,Germany,25.0,3.0,I Don't Feel Hate,2021
Stefania,Greece,10.0,170.0,Last Dance,2021
Daði og Gagnamagnið,Iceland,4.0,378.0,10 Years,2021
Lesley Roy,Ireland,,,MAPS,2021
Eden Alene,Israel,17.0,93.0,Set Me Free,2021
Måneskin,Italy,1.0,524.0,Zitti E Buoni,2021
Samanta Tīna,Latvia,,,The Moon Is Rising,2021
The Roop,Lithuania,8.0,220.0,Discoteque,2021
Destiny,Malta,7.0,255.0,Je Me Casse,2021
Natalia Gordienko,Moldova,13.0,115.0,SUGAR,2021
Jeangu Macrooy,Netherlands,23.0,11.0,Birth Of A New Age,2021
Vasil,North Macedonia,,,Here I Stand,2021
TIX,Norway,18.0,75.0,Fallen Angel,2021
RAFAŁ,Poland,,,The Ride,2021
The Black Mamba,Portugal,12.0,153.0,Love Is On My Side,2021
ROXEN,Romania,,,Amnesia,2021
Manizha,Russia,9.0,204.0,Russian Woman,2021
Senhit,San Marino,22.0,50.0,Adrenalina,2021
Hurricane,Serbia,15.0,102.0,Loco Loco,2021
Ana Soklič,Slovenia,,,Amen,2021
Blas Cantó,Spain,24.0,6.0,Voy A Quedarme,2021
Tusse,Sweden,14.0,109.0,Voices,2021
Gjon's Tears,Switzerland,3.0,432.0,Tout l'Univers,2021
Go_A,Ukraine,5.0,364.0,Shum,2021
James Newman,United Kingdom,26.0,0.0,Embers,2021
Arilena Ara,Albania,,,Fall From The Sky,2020
Athena Manoukian,Armenia,,,Chains On You,2020
Montaigne,Australia,,,Don't Break Me,2020
Vincent Bueno,Austria,,,Alive,2020
Efendi,Azerbaijan,,,Cleopatra,2020
VAL,Belarus,,,Da Vidna,2020
Hooverphonic,Belgium,,,Release Me,2020
VICTORIA,Bulgaria,,,Tears Getting Sober,2020
Damir Kedžo,Croatia,,,Divlji Vjetre,2020
Sandro,Cyprus,,,Running,2020
Benny Cristo,Czech Republic,,,Kemama,2020
Ben & Tan,Denmark,,,YES,2020
Uku Suviste,Estonia,,,What Love Is,2020
Aksel,Finland,,,Looking Back,2020
Tom Leeb,France,,0.0,Mon Alliée (The Best In Me),2020
Tornike Kipiani,Georgia,,,Take Me As I Am,2020
Ben Dolic,Germany,,0.0,Violent Thing,2020
Stefania,Greece,,,SUPERG!RL,2020
Daði og Gagnamagnið,Iceland,,,Think About Things,2020
Lesley Roy,Ireland,,,Story Of My Life,2020
Eden Alene,Israel,,,Feker Libi,2020
Diodato,Italy,,0.0,Fai Rumore,2020
Samanta Tīna,Latvia,,,Still Breathing,2020
The Roop,Lithuania,,,On Fire,2020
Destiny,Malta,,,All Of My Love,2020
Natalia Gordienko,Moldova,,,Prison,2020
Jeangu Macrooy,Netherlands,,0.0,Grow,2020
Vasil,North Macedonia,,,YOU,2020
Ulrikke,Norway,,,Attention,2020
Alicja,Poland,,,Empires,2020
Elisa,Portugal,,,Medo De Sentir,2020
ROXEN,Romania,,,Alcohol You,2020
Little Big,Russia,,,Uno,2020
Senhit,San Marino,,,Freaky!,2020
Hurricane,Serbia,,,Hasta La Vista,2020
Ana Soklič,Slovenia,,,Voda,2020
Blas Cantó,Spain,,0.0,Universo,2020
The Mamas,Sweden,,,Move,2020
Gjon's Tears,Switzerland,,,Répondez-moi,2020
Go_A,Ukraine,,,Solovey,2020
James Newman,United Kingdom,,0.0,My Last Breath,2020
Jonida Maliqi,Albania,17.0,90.0,Ktheju tokës,2019
Srbuk,Armenia,,,Walking Out,2019
Kate Miller-Heidke,Australia,9.0,284.0,Zero Gravity,2019
PÆNDA,Austria,,,Limits,2019
Chingiz,Azerbaijan,8.0,302.0,Truth,2019
ZENA,Belarus,24.0,31.0,Like It,2019
Eliot,Belgium,,,Wake Up,2019
Roko,Croatia,,,The Dream,2019
Tamta,Cyprus,13.0,109.0,Replay,2019
Lake Malawi,Czech Republic,11.0,157.0,Friend of a Friend,2019
Leonora,Denmark,12.0,120.0,Love Is Forever,2019
Victor Crone,Estonia,20.0,76.0,Storm,2019
Darude feat. Sebastian Rejman,Finland,,,Look Away,2019
Bilal Hassani,France,16.0,105.0,Roi,2019
Oto Nemsadze,Georgia,,,Keep on Going,2019
S!sters,Germany,25.0,24.0,Sister,2019
Katerine Duska,Greece,21.0,74.0,Better Love,2019
Joci Pápai,Hungary,,,Az én apám,2019
Hatari,Iceland,10.0,232.0,Hatrið mun sigra,2019
Sarah McTernan,Ireland,,,22,2019
Kobi Marimi,Israel,23.0,35.0,Home,2019
Mahmood,Italy,2.0,472.0,Soldi,2019
Carousel,Latvia,,,That Night,2019
Jurij Veklenko,Lithuania,,,Run With The Lions,2019
Michela,Malta,14.0,107.0,Chameleon,2019
Anna Odobescu,Moldova,,,Stay,2019
D mol,Montenegro,,,Heaven,2019
Duncan Laurence,Netherlands,1.0,498.0,Arcade,2019
Tamara Todevska,North Macedonia,7.0,305.0,Proud,2019
KEiiNO,Norway,6.0,331.0,Spirit in the Sky,2019
Tulia,Poland,,,Fire of Love (Pali się),2019
Conan Osiris,Portugal,,,Telemóveis,2019
Ester Peony,Romania,,,On a Sunday,2019
Sergey Lazarev,Russia,3.0,370.0,Scream,2019
Serhat,San Marino,19.0,77.0,Say Na Na Na,2019
Nevena Božović,Serbia,18.0,89.0,Kruna,2019
Zala Kralj & Gašper Šantl,Slovenia,15.0,105.0,Sebi,2019
Miki,Spain,22.0,54.0,La Venda,2019
John Lundvik,Sweden,5.0,334.0,Too Late For Love,2019
Luca Hänni,Switzerland,4.0,364.0,She Got Me,2019
Michael Rice,United Kingdom,26.0,11.0,Bigger Than Us,2019
Eugent Bushpepa,Albania,11.0,184.0,Mall,2018
Sevak Khanagyan,Armenia,,,Qami,2018
Jessica Mauboy,Australia,20.0,99.0,We Got Love,2018
Cesár Sampson,Austria,3.0,342.0,Nobody But You,2018
Aisel,Azerbaijan,,,X My Heart,2018
ALEKSEEV,Belarus,,,FOREVER,2018
Sennek,Belgium,,,A Matter Of Time,2018
EQUINOX,Bulgaria,14.0,166.0,Bones,2018
Franka,Croatia,,,Crazy,2018
Eleni Foureira,Cyprus,2.0,436.0,Fuego,2018
Mikolas Josef,Czech Republic,6.0,281.0,Lie To Me,2018
Rasmussen,Denmark,9.0,226.0,Higher Ground,2018
Elina Nechayeva,Estonia,8.0,245.0,La Forza,2018
Saara Aalto,Finland,25.0,46.0,Monsters,2018
Madame Monsieur,France,13.0,173.0,Mercy,2018
Ethno-Jazz Band Iriao,Georgia,,,For You,2018
Michael Schulte,Germany,4.0,340.0,You Let Me Walk Alone,2018
Yianna Terzi,Greece,,,Oniro Mou,2018
AWS,Hungary,21.0,93.0,Viszlát Nyár,2018
Ari Ólafsson,Iceland,,,Our Choice,2018
Ryan O'Shaughnessy,Ireland,16.0,136.0,Together,2018
Netta,Israel,1.0,529.0,TOY,2018
Ermal Meta e Fabrizio Moro,Italy,5.0,308.0,Non Mi Avete Fatto Niente,2018
Laura Rizzotto,Latvia,,,Funny Girl,2018
Ieva Zasimauskaitė,Lithuania,12.0,181.0,When We're Old,2018
Christabelle,Malta,,,Taboo,2018
DoReDoS,Moldova,10.0,209.0,My Lucky Day,2018
Vanja Radovanović,Montenegro,,,Inje,2018
Waylon,Netherlands,18.0,121.0,Outlaw In 'Em,2018
Eye Cue,North Macedonia,,,Lost And Found,2018
Alexander Rybak,Norway,15.0,144.0,That's How You Write A Song,2018
Gromee feat. Lukas Meijer,Poland,,,Light Me Up,2018
Cláudia Pascoal,Portugal,26.0,39.0,O Jardim,2018
The Humans,Romania,,,Goodbye,2018
Julia Samoylova,Russia,,,I Won't Break,2018
Jessika featuring Jenifer Brening,San Marino,,,Who We Are,2018
Sanja Ilić & Balkanika,Serbia,19.0,113.0,Nova Deca,2018
Lea Sirk,Slovenia,22.0,64.0,"Hvala, ne!",2018
Amaia y Alfred,Spain,23.0,61.0,Tu Canción,2018
Benjamin Ingrosso,Sweden,7.0,274.0,Dance You Off,2018
ZiBBZ,Switzerland,,,Stones,2018
MELOVIN,Ukraine,17.0,130.0,Under The Ladder,2018
SuRie,United Kingdom,24.0,48.0,Storm,2018
Lindita,Albania,,,World,2017
Artsvik,Armenia,18.0,79.0,Fly With Me,2017
Isaiah,Australia,9.0,173.0,Don't Come Easy,2017
Nathan Trent,Austria,16.0,93.0,Running On Air,2017
Dihaj,Azerbaijan,14.0,120.0,Skeletons,2017
Naviband,Belarus,17.0,83.0,Story of My Life,2017
Blanche,Belgium,4.0,363.0,City Lights,2017
Kristian Kostov,Bulgaria,2.0,615.0,Beautiful Mess,2017
Jacques Houdek,Croatia,13.0,128.0,My Friend,2017
Hovig,Cyprus,21.0,68.0,Gravity,2017
Martina Bárta,Czech Republic,,,My Turn,2017
Anja,Denmark,20.0,77.0,Where I Am,2017
Koit Toome & Laura,Estonia,,,Verona,2017
Norma John,Finland,,,Blackbird,2017
Alma,France,12.0,135.0,Requiem,2017
Tamara Gachechiladze,Georgia,,,Keep The Faith,2017
Levina,Germany,25.0,6.0,Perfect Life,2017
Demy,Greece,19.0,77.0,This is Love,2017
Joci Pápai,Hungary,8.0,200.0,Origo,2017
Svala,Iceland,,,Paper,2017
Brendan Murray,Ireland,,,Dying to Try,2017
IMRI,Israel,23.0,39.0,I Feel Alive,2017
Francesco Gabbani,Italy,6.0,334.0,Occidentali's Karma,2017
Triana Park,Latvia,,,Line,2017
Fusedmarc,Lithuania,,,Rain Of Revolution,2017
Claudia Faniello,Malta,,,Breathlessly,2017
Sunstroke Project,Moldova,3.0,374.0,Hey Mamma,2017
Slavko Kalezić,Montenegro,,,Space,2017
OG3NE,Netherlands,11.0,150.0,Lights and Shadows,2017
Jana Burčeska,North Macedonia,,,Dance Alone,2017
JOWST,Norway,10.0,158.0,Grab The Moment,2017
Kasia Moś,Poland,22.0,64.0,Flashlight,2017
Salvador Sobral,Portugal,1.0,758.0,Amar Pelos Dois,2017
Ilinca ft. Alex Florea,Romania,7.0,282.0,Yodel It!,2017
Valentina Monetta and Jimmie Wilson,San Marino,,,Spirit of the Night,2017
Tijana Bogićević,Serbia,,,In Too Deep,2017
Omar Naber,Slovenia,,,On My Way,2017
Manel Navarro,Spain,26.0,5.0,Do It For Your Lover,2017
Robin Bengtsson,Sweden,5.0,344.0,I Can't Go On,2017
Timebelle,Switzerland,,,Apollo,2017
O.Torvald,Ukraine,24.0,36.0,Time,2017
Lucie Jones,United Kingdom,15.0,111.0,Never Give Up On You,2017
Eneda Tarifa,Albania,,,Fairytale,2016
Iveta Mukuchyan,Armenia,7.0,249.0,LoveWave,2016
Dami Im,Australia,2.0,511.0,Sound Of Silence,2016
ZOË,Austria,13.0,151.0,Loin d'ici,2016
Samra,Azerbaijan,17.0,117.0,Miracle,2016
IVAN,Belarus,,,Help You Fly,2016
Laura Tesoro,Belgium,10.0,181.0,What's The Pressure,2016
Dalal & Deen feat. Ana Rucner and Jala,Bosnia & Herzegovina,,,Ljubav Je,2016
Poli Genova,Bulgaria,4.0,307.0,If Love Was A Crime,2016
Nina Kraljić,Croatia,23.0,73.0,Lighthouse,2016
Minus One,Cyprus,21.0,96.0,Alter Ego,2016
Gabriela Gunčíková,Czech Republic,25.0,41.0,I Stand,2016
Lighthouse X,Denmark,,,Soldiers Of Love,2016
Jüri Pootsmann,Estonia,,,Play,2016
Sandhja,Finland,,,Sing It Away,2016
Amir,France,6.0,257.0,J'ai cherché,2016
Nika Kocharov and Young Georgian Lolitaz,Georgia,20.0,104.0,Midnight Gold,2016
Jamie-Lee,Germany,26.0,11.0,Ghost,2016
Argo,Greece,,,Utopian Land,2016
Freddie,Hungary,19.0,108.0,Pioneer,2016
Greta Salóme,Iceland,,,Hear Them Calling,2016
Nicky Byrne,Ireland,,,Sunlight,2016
Hovi Star,Israel,14.0,135.0,Made Of Stars,2016
Francesca Michielin,Italy,16.0,124.0,No Degree Of Separation,2016
Justs,Latvia,15.0,132.0,Heartbeat,2016
Donny Montell,Lithuania,9.0,200.0,I've Been Waiting for This Night,2016
Ira Losco,Malta,12.0,153.0,Walk On Water,2016
Lidia Isac,Moldova,,,Falling Stars,2016
Highway,Montenegro,,,The Real Thing,2016
Douwe Bob,Netherlands,11.0,153.0,Slow Down,2016
Kaliopi,North Macedonia,,,Dona,2016
Agnete,Norway,,,Icebreaker,2016
Michał Szpak,Poland,8.0,229.0,Color Of Your Life,2016
Sergey Lazarev,Russia,3.0,491.0,You Are The Only One,2016
Serhat,San Marino,,,I Didn't Know,2016
Sanja Vučić ZAA,Serbia,18.0,115.0,Goodbye (Shelter),2016
ManuElla,Slovenia,,,Blue And Red,2016
Barei,Spain,22.0,77.0,Say Yay!,2016
Frans,Sweden,5.0,261.0,If I Were Sorry,2016
Rykka,Switzerland,,,The Last Of Our Kind,2016
Jamala,Ukraine,1.0,534.0,1944,2016
Joe and Jake,United Kingdom,24.0,62.0,You're Not Alone,2016
Elhaida Dani,Albania,17.0,34.0,I'm Alive,2015
Genealogy,Armenia,16.0,34.0,Face The Shadow,2015
Guy Sebastian,Australia,5.0,196.0,Tonight Again,2015
The Makemakes,Austria,26.0,0.0,I Am Yours,2015
Elnur Huseynov,Azerbaijan,12.0,49.0,Hour Of The Wolf,2015
Uzari&Maimuna,Belarus,,,Time,2015
Loïc Nottet,Belgium,4.0,217.0,Rhythm Inside,2015
John Karayiannis,Cyprus,22.0,11.0,One Thing I Should Have Done,2015
Marta Jandová and Václav Noid Bárta,Czech Republic,,,Hope Never Dies,2015
Anti Social Media,Denmark,,,The Way You Are,2015
Elina Born & Stig Rästa,Estonia,7.0,106.0,Goodbye To Yesterday,2015
Pertti Kurikan Nimipäivät,Finland,,,Aina Mun Pitää,2015
Lisa Angell,France,25.0,4.0,N'oubliez Pas,2015
Nina Sublatti,Georgia,11.0,51.0,Warrior,2015
Ann Sophie,Germany,27.0,0.0,Black Smoke,2015
Maria Elena Kyriakou,Greece,19.0,23.0,One Last Breath,2015
Boggie,Hungary,20.0,19.0,Wars For Nothing,2015
Maria Olafs,Iceland,,,Unbroken,2015
Molly Sterling,Ireland,,,Playing With Numbers,2015
Nadav Guedj,Israel,9.0,97.0,Golden Boy,2015
Il Volo,Italy,3.0,292.0,Grande Amore,2015
Aminata,Latvia,6.0,186.0,Love Injected,2015
Monika Linkytė and Vaidas Baumila,Lithuania,18.0,30.0,This Time,2015
Amber,Malta,,,Warrior,2015
Eduard Romanyuta,Moldova,,,I Want Your Love,2015
Knez,Montenegro,13.0,44.0,Adio,2015
Trijntje Oosterhuis,Netherlands,,,Walk Along,2015
Daniel Kajmakoski,North Macedonia,,,Autumn Leaves,2015
Mørland & Debrah Scarlett,Norway,8.0,102.0,A Monster Like Me,2015
Monika Kuszyńska,Poland,23.0,10.0,In The Name Of Love,2015
Leonor Andrade,Portugal,,,Há Um Mar Que Nos Separa,2015
Voltaj,Romania,15.0,35.0,De La Capat/ All Over Again,2015
Polina Gagarina,Russia,2.0,303.0,A Million Voices,2015
Anita Simoncini & Michele Perniola,San Marino,,,Chain of Lights,2015
Bojana Stamenov,Serbia,10.0,53.0,Beauty Never Lies,2015
Maraaya,Slovenia,14.0,39.0,Here For You,2015
Edurne,Spain,21.0,15.0,Amanecer,2015
Måns Zelmerlöw,Sweden,1.0,365.0,Heroes,2015
Mélanie René,Switzerland,,,Time To Shine,2015
Electro Velvet,United Kingdom,24.0,5.0,Still In Love With You,2015
Hersi,Albania,,,One Night's Anger,2014
Aram MP3,Armenia,4.0,174.0,Not Alone,2014
Conchita Wurst,Austria,1.0,290.0,Rise Like a Phoenix,2014
Dilara Kazimova,Azerbaijan,22.0,33.0,Start A Fire,2014
Teo,Belarus,16.0,43.0,Cheesecake,2014
Axel Hirsoux,Belgium,,,Mother,2014
Basim,Denmark,9.0,74.0,Cliche Love Song,2014
Tanja,Estonia,,,Amazing,2014
Softengine,Finland,11.0,72.0,Something Better,2014
TWIN TWIN,France,26.0,2.0,Moustache,2014
The Shin and Mariko,Georgia,,,Three Minutes to Earth,2014
Elaiza,Germany,18.0,39.0,Is it right,2014
Freaky Fortune feat. RiskyKidd,Greece,20.0,35.0,Rise Up,2014
András Kállay-Saunders,Hungary,5.0,143.0,Running,2014
Pollapönk,Iceland,15.0,58.0,No Prejudice,2014
Can-Linn (featuring Kasey Smith),Ireland,,,Heartbeat,2014
Mei Finegold,Israel,,,Same Heart,2014
Emma,Italy,21.0,33.0,La Mia Città,2014
Aarzemnieki,Latvia,,,Cake To Bake,2014
Vilija Matačiūnaitė,Lithuania,,,Attention,2014
Firelight,Malta,23.0,32.0,Coming Home,2014
Cristina Scarlat,Moldova,,,Wild Soul,2014
Sergej Ćetković,Montenegro,19.0,37.0,Moj Svijet,2014
The Common Linnets,Netherlands,2.0,238.0,Calm After The Storm,2014
Tijana,North Macedonia,,,To the Sky,2014
Carl Espen,Norway,8.0,88.0,Silent Storm,2014
Donatan & Cleo,Poland,14.0,62.0,My Słowianie - We Are Slavic,2014
Suzy,Portugal,,,Quero Ser Tua,2014
Paula Seling & OVI,Romania,12.0,72.0,Miracle,2014
Tolmachevy Sisters,Russia,7.0,89.0,Shine,2014
Valentina Monetta,San Marino,24.0,14.0,Maybe (Forse),2014
Tinkara Kovač,Slovenia,25.0,9.0,Round and round,2014
Ruth Lorenzo,Spain,10.0,74.0,Dancing in the rain,2014
Sanna Nielsen,Sweden,3.0,218.0,Undo,2014
Sebalter,Switzerland,13.0,64.0,Hunter Of Stars,2014
Mariya Yaremchuk,Ukraine,6.0,113.0,Tick - Tock,2014
Molly,United Kingdom,17.0,40.0,Children of the Universe,2014
Adrian Lulgjuraj & Bledar Sejko,Albania,,,Identitet,2013
Dorians,Armenia,18.0,41.0,Lonely Planet,2013
Natália Kelly,Austria,,,Shine,2013
Farid Mammadov,Azerbaijan,2.0,234.0,Hold Me,2013
Alyona Lanskaya,Belarus,16.0,48.0,Solayoh,2013
Roberto Bellarosa,Belgium,12.0,71.0,Love Kills,2013
"Elitsa Todorova, Stoyan Yankulov",Bulgaria,,,Samo Shampioni (Only Champions),2013
Klapa s mora,Croatia,,,Mižerja,2013
Despina Olympiou,Cyprus,,,An Me Thimasai,2013
Emmelie de Forest,Denmark,1.0,281.0,Only Teardrops,2013
Birgit,Estonia,20.0,19.0,Et Uus Saaks Alguse,2013
Krista Siegfrids,Finland,24.0,13.0,Marry Me,2013
Amandine Bourgeois,France,23.0,14.0,L'enfer Et Moi,2013
Nodi Tatishvili & Sophie Gelovani,Georgia,15.0,50.0,Waterfall,2013
Cascada,Germany,21.0,18.0,Glorious,2013
Koza Mostra feat. Agathon Iakovidis,Greece,6.0,152.0,Alcohol Is Free,2013
ByeAlex,Hungary,10.0,84.0,Kedvesem (Zoohacker Remix),2013
Eythor Ingi,Iceland,17.0,47.0,Ég Á Líf,2013
Ryan Dolan,Ireland,26.0,5.0,Only Love Survives,2013
Moran Mazor,Israel,,,Rak Bishvilo,2013
Marco Mengoni,Italy,7.0,126.0,L'Essenziale,2013
PeR,Latvia,,,Here We Go,2013
Andrius Pojavis,Lithuania,22.0,17.0,Something,2013
Gianluca,Malta,8.0,120.0,Tomorrow,2013
Aliona Moon,Moldova,11.0,71.0,O Mie,2013
Who See,Montenegro,,,Igranka,2013
Anouk,Netherlands,9.0,114.0,Birds,2013
Esma & Lozano,North Macedonia,,,Pred Da Se Razdeni,2013
Margaret Berger,Norway,4.0,191.0,I Feed You My Love,2013
Cezar,Romania,13.0,65.0,It's My Life,2013
Dina Garipova,Russia,5.0,174.0,What If,2013
Valentina Monetta,San Marino,,,Crisalide (Vola),2013
Moje 3,Serbia,,,Ljubav Je Svuda,2013
Hannah,Slovenia,,,Straight Into Love,2013
ESDM,Spain,25.0,8.0,Contigo Hasta El Final (With You Until The End),2013
Robin Stjernberg,Sweden,14.0,62.0,You,2013
Takasa,Switzerland,,,You And Me,2013
Zlata Ognevich,Ukraine,3.0,214.0,Gravity,2013
Bonnie Tyler,United Kingdom,19.0,23.0,Believe In Me,2013
Rona Nishliu,Albania,5.0,146.0,Suus,2012
Trackshittaz,Austria,,,Woki Mit Deim Popo,2012
Sabina Babayeva,Azerbaijan,4.0,150.0,When The Music Dies,2012
Litesound,Belarus,,,We Are The Heroes,2012
Iris,Belgium,,,Would You?,2012
Maya Sar,Bosnia & Herzegovina,18.0,55.0,Korake Ti Znam,2012
Sofi Marinova,Bulgaria,,,Love Unlimited,2012
Nina Badrić,Croatia,,,Nebo,2012
Ivi Adamou,Cyprus,16.0,65.0,La La Love,2012
Soluna Samay,Denmark,23.0,21.0,Should've Known Better,2012
Ott Lepland,Estonia,6.0,120.0,Kuula,2012
Pernilla,Finland,,,När Jag Blundar,2012
Anggun,France,22.0,21.0,Echo (You And I),2012
Anri Jokhadze,Georgia,,,I'm A Joker,2012
Roman Lob,Germany,8.0,110.0,Standing Still,2012
Eleftheria Eleftheriou,Greece,17.0,64.0,Aphrodisiac,2012
Compact Disco,Hungary,24.0,19.0,Sound Of Our Hearts,2012
Greta Salóme & Jónsi,Iceland,20.0,46.0,Never Forget,2012
Jedward,Ireland,19.0,46.0,Waterline,2012
Izabo,Israel,,,Time,2012
Nina Zilli,Italy,9.0,101.0,L'Amore È Femmina (Out Of Love),2012
Anmary,Latvia,,,Beautiful Song,2012
Donny Montell,Lithuania,14.0,70.0,Love Is Blind,2012
Kurt Calleja,Malta,21.0,41.0,This Is The Night,2012
Pasha Parfeny,Moldova,11.0,81.0,Lăutar,2012
Rambo Amadeus,Montenegro,,,Euro Neuro,2012
Joan Franka,Netherlands,,,You And Me,2012
Kaliopi,North Macedonia,13.0,71.0,Crno I Belo,2012
Tooji,Norway,26.0,7.0,Stay,2012
Filipa Sousa,Portugal,,,Vida Minha,2012
Mandinga,Romania,12.0,71.0,Zaleilah,2012
Buranovskiye Babushki,Russia,2.0,259.0,Party For Everybody,2012
Valentina Monetta,San Marino,,,The Social Network Song (Oh Oh – Uh - Oh Oh),2012
Željko Joksimović,Serbia,3.0,214.0,Nije Ljubav Stvar,2012
Max Jason Mai,Slovakia,,,Don't Close Your Eyes,2012
Eva Boto,Slovenia,,,Verjamem,2012
Pastora Soler,Spain,10.0,97.0,Quédate Conmigo (Stay With Me),2012
Loreen,Sweden,1.0,372.0,Euphoria,2012
Sinplus,Switzerland,,,Unbreakable,2012
Can Bonomo,Turkey,7.0,112.0,Love Me Back,2012
Gaitana,Ukraine,15.0,65.0,Be My Guest,2012
Engelbert Humperdinck,United Kingdom,25.0,12.0,Love Will Set You Free,2012
Aurela Gaçe,Albania,,,Feel The Passion,2011
Emmy,Armenia,,,Boom Boom,2011
Nadine Beiler,Austria,18.0,64.0,The Secret Is Love,2011
Ell/Nikki,Azerbaijan,1.0,221.0,Running Scared,2011
Anastasiya Vinnikova,Belarus,,,I Love Belarus,2011
Witloof Bay,Belgium,,,With Love Baby,2011
Dino Merlin,Bosnia & Herzegovina,6.0,125.0,Love In Rewind,2011
Poli Genova,Bulgaria,,,Na Inat,2011
Daria,Croatia,,,Celebrate,2011
Christos Mylordos,Cyprus,,,San Aggelos S’Agapisa,2011
A Friend In London,Denmark,5.0,134.0,New Tomorrow,2011
Getter Jaani,Estonia,24.0,44.0,Rockefeller Street,2011
Paradise Oskar,Finland,21.0,57.0,Da Da Dam,2011
Amaury Vassili,France,15.0,82.0,Sognu,2011
Eldrine,Georgia,9.0,110.0,One More Day,2011
Lena,Germany,10.0,107.0,Taken By A Stranger,2011
Loucas Yiorkas feat. Stereo Mike,Greece,7.0,120.0,Watch My Dance,2011
Kati Wolf,Hungary,22.0,53.0,What About My Dreams?,2011
Sjonni's Friends,Iceland,20.0,61.0,Coming Home,2011
Jedward,Ireland,8.0,119.0,Lipstick,2011
Dana International,Israel,,,Ding Dong,2011
Raphael Gualazzi,Italy,2.0,189.0,Madness Of Love,2011
Musiqq,Latvia,,,Angel In Disguise,2011
Evelina Sašenko,Lithuania,19.0,63.0,C'est Ma Vie,2011
Glen Vella,Malta,,,One Life,2011
Zdob și Zdub,Moldova,12.0,97.0,So Lucky,2011
3JS,Netherlands,,,Never Alone,2011
Vlatko Ilievski,North Macedonia,,,Rusinka,2011
Stella Mwangi,Norway,,,Haba Haba,2011
Magdalena Tul,Poland,,,Jestem,2011
Homens Da Luta,Portugal,,,Luta É Alegria,2011
Hotel FM,Romania,17.0,77.0,Change,2011
Alexej Vorobjov,Russia,16.0,77.0,Get You,2011
Senit,San Marino,,,Stand By,2011
Nina,Serbia,14.0,85.0,Čaroban,2011
TWiiNS,Slovakia,,,I'm Still Alive,2011
Maja Keuc,Slovenia,13.0,96.0,No One,2011
Lucía Pérez,Spain,23.0,50.0,Que Me Quiten Lo Bailao - They Can't Take The Fun Away From Me,2011
Eric Saade,Sweden,3.0,185.0,Popular,2011
Anna Rossinelli,Switzerland,25.0,19.0,In Love For A While,2011
Yüksek Sadakat,Turkey,,,Live It Up,2011
Mika Newton,Ukraine,4.0,159.0,Angel,2011
Blue,United Kingdom,11.0,100.0,I Can,2011
Juliana Pasha,Albania,16.0,62.0,It's All About You,2010
Eva Rivas,Armenia,7.0,141.0,Apricot Stone,2010
Safura,Azerbaijan,5.0,145.0,Drip Drop,2010
3+2,Belarus,24.0,18.0,Butterflies,2010
Tom Dice,Belgium,6.0,143.0,Me And My Guitar,2010
Vukašin Brajić,Bosnia & Herzegovina,17.0,51.0,Thunder And Lightning,2010
Miro,Bulgaria,,,Angel Si Ti,2010
Feminnem,Croatia,,,Lako Je Sve,2010
Jon Lilygreen & The Islanders,Cyprus,21.0,27.0,Life Looks Better In Spring,2010
Chanée & N'evergreen,Denmark,4.0,149.0,In A Moment Like This,2010
Malcolm Lincoln,Estonia,,,Siren,2010
Kuunkuiskaajat,Finland,,,Työlki Ellää,2010
Jessy Matador,France,12.0,82.0,Allez Ola Olé,2010
Sofia Nizharadze,Georgia,9.0,136.0,Shine,2010
Lena,Germany,1.0,246.0,Satellite,2010
Giorgos Alkaios & Friends,Greece,8.0,140.0,OPA,2010
Hera Björk,Iceland,19.0,41.0,Je Ne Sais Quoi,2010
Niamh Kavanagh,Ireland,23.0,25.0,It's For You,2010
Harel Skaat,Israel,14.0,71.0,Milim,2010
Aisha,Latvia,,,What For?,2010
InCulto,Lithuania,,,Eastern European Funk,2010
Thea Garrett,Malta,,,My Dream,2010
Sunstroke Project & Olia Tira,Moldova,22.0,27.0,Run Away,2010
Sieneke,Netherlands,,,Ik Ben Verliefd (Sha-la-lie),2010
Gjoko Taneski,North Macedonia,,,Jas Ja Imam Silata,2010
Didrik Solli-Tangen,Norway,20.0,35.0,My Heart Is Yours,2010
Marcin Mroziński,Poland,,,Legenda,2010
Filipa Azevedo,Portugal,18.0,43.0,Há Dias Assim,2010
Paula Seling & Ovi,Romania,3.0,162.0,Playing With Fire,2010
Peter Nalitch & Friends,Russia,11.0,90.0,Lost And Forgotten,2010
Milan Stanković,Serbia,13.0,72.0,Ovo Je Balkan,2010
Kristina Pelakova,Slovakia,,,Horehronie,2010
Ansambel Žlindra & Kalamari,Slovenia,,,Narodnozabavni Rock,2010
Daniel Diges,Spain,15.0,68.0,Algo Pequeñito (Something Tiny),2010
Anna Bergendahl,Sweden,,,This Is My Life,2010
Michael von der Heide,Switzerland,,,Il Pleut de L'Or,2010
maNga,Turkey,2.0,170.0,We Could Be The Same,2010
Alyosha,Ukraine,10.0,108.0,Sweet People,2010
Josh,United Kingdom,25.0,10.0,That Sounds Good To Me,2010
Kejsi Tola,Albania,17.0,48.0,Carry Me In Your Dreams,2009
Susanne Georgi,Andorra,,,La Teva Decisió (Get A Life),2009
Inga & Anush,Armenia,10.0,92.0,Jan Jan,2009
AySel & Arash,Azerbaijan,3.0,207.0,Always,2009
Petr Elfimov,Belarus,,,Eyes That Never Lie,2009
Copycat,Belgium,,,Copycat,2009
Regina,Bosnia & Herzegovina,9.0,106.0,Bistra Voda,2009
Krassimir Avramov,Bulgaria,,,Illusion,2009
Igor Cukrov feat. Andrea,Croatia,18.0,45.0,Lijepa Tena,2009
Christina Metaxa,Cyprus,,,Firefly,2009
Gipsy.cz,Czech Republic,,,Aven Romale,2009
Brinck,Denmark,13.0,74.0,Believe Again,2009
Urban Symphony,Estonia,6.0,129.0,Rändajad,2009
Waldo's People,Finland,25.0,22.0,Lose Control,2009
Patricia Kaas,France,8.0,107.0,Et S'il Fallait Le Faire,2009
Alex Swings Oscar Sings!,Germany,20.0,35.0,Miss Kiss Kiss Bang,2009
Sakis Rouvas,Greece,7.0,120.0,This Is Our Night,2009
Zoli Ádok,Hungary,,,Dance With Me,2009
Yohanna,Iceland,2.0,218.0,Is It True?,2009
Sinéad Mulvey & Black Daisy,Ireland,,,Et Cetera,2009
Noa & Mira Awad,Israel,16.0,53.0,There Must Be Another Way,2009
Intars Busulis,Latvia,,,Probka,2009
Sasha Son,Lithuania,23.0,23.0,Love,2009
Chiara,Malta,22.0,31.0,What If We,2009
Nelly Ciobanu,Moldova,14.0,69.0,Hora Din Moldova,2009
Andrea Demirovic,Montenegro,,,Just Get Out of My Life,2009
The Toppers,Netherlands,,,Shine,2009
Next Time,North Macedonia,,,Neshto Shto Ke Ostane,2009
Alexander Rybak,Norway,1.0,387.0,Fairytale,2009
Lidia Kopania,Poland,,,I Don't Wanna Leave,2009
Flor-de-lis,Portugal,15.0,57.0,Todas As Ruas Do Amor,2009
Elena,Romania,19.0,40.0,The Balkan Girls,2009
Anastasia Prikhodko,Russia,11.0,91.0,Mamo,2009
Marko Kon & Milaan,Serbia,,,Cipela,2009
Kamil Mikulčík & Nela Pocisková,Slovakia,,,Leť Tmou,2009
Quartissimo feat. Martina,Slovenia,,,Love Symphony,2009
Soraya,Spain,24.0,23.0,La Noche Es Para Mí (The Night Is For Me),2009
Malena Ernman,Sweden,21.0,33.0,La Voix,2009
Lovebugs,Switzerland,,,The Highest Heights,2009
Hadise,Turkey,4.0,177.0,Düm Tek Tek,2009
Svetlana Loboda,Ukraine,12.0,76.0,Be my Valentine! (Anti-crisis Girl),2009
Jade Ewen,United Kingdom,5.0,173.0,It's My Time,2009
Olta Boka,Albania,17.0,55.0,Zemrën E Lamë Peng,2008
Gisela,Andorra,,,Casanova,2008
Sirusho,Armenia,4.0,199.0,"Qele, Qele",2008
Elnur & Samir,Azerbaijan,8.0,132.0,Day After Day,2008
Ruslan Alehno,Belarus,,,Hasta La Vista,2008
Ishtar,Belgium,,,O Julissi,2008
Laka,Bosnia & Herzegovina,10.0,110.0,Pokušaj,2008
Deep Zone & Balthazar,Bulgaria,,,"DJ, Take Me Away",2008
Kraljevi Ulice & 75 Cents,Croatia,21.0,44.0,Romanca,2008
Evdokia Kadi,Cyprus,,,Femme Fatale,2008
Tereza Kerndlová,Czech Republic,,,Have Some Fun,2008
Simon Mathew,Denmark,15.0,60.0,All Night Long,2008
Kreisiraadio,Estonia,,,Leto Svet,2008
Teräsbetoni,Finland,22.0,35.0,Missä Miehet Ratsastaa,2008
Sébastien Tellier,France,19.0,47.0,Divine,2008
Diana Gurtskaya,Georgia,11.0,83.0,Peace Will Come,2008
No Angels,Germany,23.0,14.0,Disappear,2008
Kalomira,Greece,3.0,218.0,Secret Combination,2008
Csézy,Hungary,,,Candlelight,2008
Euroband,Iceland,14.0,64.0,This Is My Life,2008
Dustin the Turkey,Ireland,,,Irelande Douze Pointe,2008
Boaz,Israel,9.0,124.0,The Fire In Your Eyes,2008
Pirates Of The Sea,Latvia,12.0,83.0,Wolves Of The Sea,2008
Jeronimas Milius,Lithuania,,,Nomads In The Night,2008
Morena,Malta,,,Vodka,2008
Geta Burlacu,Moldova,,,A Century Of Love,2008
Stefan Filipović,Montenegro,,,Zauvijek Volim Te,2008
Hind,Netherlands,,,Your Heart Belongs To Me,2008
"Tamara, Vrčak & Adrijan",North Macedonia,,,Let Me Love You,2008
Maria,Norway,5.0,182.0,Hold On Be Strong,2008
Isis Gee,Poland,24.0,14.0,For Life,2008
Vânia Fernandes,Portugal,13.0,69.0,Senhora Do Mar (Negras Águas),2008
Nico & Vlad,Romania,20.0,45.0,Pe-o Margine De Lume,2008
Dima Bilan,Russia,1.0,272.0,Believe,2008
Miodio,San Marino,,,Complice,2008
Jelena Tomašević feat. Bora Dugic,Serbia,6.0,160.0,Oro,2008
Rebeka Dremelj,Slovenia,,,Vrag Naj Vzame,2008
Rodolfo Chikilicuatre,Spain,16.0,55.0,Baila El Chiki Chiki,2008
Charlotte Perrelli,Sweden,18.0,47.0,Hero,2008
Paolo Meneguzzi,Switzerland,,,Era Stupendo,2008
Mor ve Ötesi,Turkey,7.0,138.0,Deli,2008
Ani Lorak,Ukraine,2.0,230.0,Shady Lady,2008
Andy Abraham,United Kingdom,25.0,14.0,Even If,2008
Aida & Frederik Ndoci,Albania,,,Hear My Plea,2007
Anonymous,Andorra,,,Salvem El Món,2007
Hayko,Armenia,8.0,138.0,Anytime You Need,2007
Eric Papilaya,Austria,,,Get A Life - Get Alive,2007
Dmitry Koldun,Belarus,6.0,145.0,Work Your Magic,2007
The KMG's,Belgium,,,Love Power,2007
Marija Sestic,Bosnia & Herzegovina,11.0,106.0,Rijeka Bez Imena,2007
Elitsa Todorova & Stoyan Yankulov,Bulgaria,5.0,157.0,Water,2007
Dragonfly feat. Dado Topic,Croatia,,,Vjerujem U Ljubav,2007
Evridiki,Cyprus,,,"Comme Ci, Comme ça",2007
Kabát,Czech Republic,,,Malá Dáma,2007
DQ,Denmark,,,Drama Queen,2007
Gerli Padar,Estonia,,,Partners In Crime,2007
Hanna Pakarinen,Finland,17.0,53.0,Leave Me Alone,2007
Les Fatals Picards,France,22.0,19.0,L'amour à La Française,2007
Sopho,Georgia,12.0,97.0,Visionary Dream,2007
Roger Cicero,Germany,19.0,49.0,Frauen Regieren Die Welt,2007
Sarbel,Greece,7.0,139.0,Yassou Maria,2007
Magdi Rúzsa,Hungary,9.0,128.0,Unsubstantial Blues,2007
Eiríkur Hauksson,Iceland,,,Valentine Lost,2007
Dervish,Ireland,24.0,5.0,They Can't Stop The Spring,2007
Teapacks,Israel,,,Push The Button,2007
Bonaparti.lv,Latvia,16.0,54.0,Questa Notte,2007
4Fun,Lithuania,21.0,28.0,Love Or Leave,2007
Olivia Lewis,Malta,,,Vertigo,2007
Natalia Barbu,Moldova,10.0,109.0,Fight,2007
Stevan Faddy,Montenegro,,,Ajde Kroci,2007
Edsilia Rombley,Netherlands,,,On Top Of The World,2007
Karolina,North Macedonia,14.0,73.0,Mojot Svet,2007
Guri Schanke,Norway,,,Ven A Bailar Conmigo,2007
The Jet Set,Poland,,,Time To Party,2007
Sabrina,Portugal,,,Dança Comigo (vem Ser Feliz),2007
Todomondo,Romania,13.0,84.0,"Liubi, Liubi, I Love You",2007
Serebro,Russia,3.0,207.0,Song # 1,2007
Marija Šerifović,Serbia,1.0,268.0,Molitva,2007
Alenka Gotar,Slovenia,15.0,66.0,Cvet Z Juga,2007
NASH,Spain,20.0,43.0,I Love You Mi Vida,2007
The Ark,Sweden,18.0,51.0,The Worrying Kind,2007
DJ BoBo,Switzerland,,,Vampires Are Alive,2007
Kenan Dogulu,Turkey,4.0,163.0,Shake It Up Shekerim,2007
Verka Serduchka,Ukraine,2.0,235.0,Dancing Lasha Tumbai,2007
Scooch,United Kingdom,22.0,19.0,Flying The Flag (for You),2007
Luiz Ejlli,Albania,,,Zjarr E Ftohtë,2006
Jennifer,Andorra,,,Sense Tu,2006
André,Armenia,8.0,129.0,Without Your Love,2006
Polina Smolova,Belarus,,,Mum,2006
Kate Ryan,Belgium,,,Je T'adore,2006
Hari Mata Hari,Bosnia & Herzegovina,3.0,229.0,Lejla,2006
Mariana Popova,Bulgaria,,,Let Me Cry,2006
Severina,Croatia,12.0,56.0,Moja Štikla,2006
Annet Artani,Cyprus,,,Why Angels Cry,2006
Sidsel Ben Semmane,Denmark,18.0,26.0,Twist Of Love,2006
Sandra,Estonia,,,Through My Window,2006
Lordi,Finland,1.0,292.0,Hard Rock Hallelujah,2006
Virginie Pouchin,France,22.0,5.0,Il était Temps,2006
Texas Lightning,Germany,14.0,36.0,"No, No, Never",2006
Anna Vissi,Greece,9.0,128.0,Everything,2006
Silvia Night,Iceland,,,Congratulations,2006
Brian Kennedy,Ireland,10.0,93.0,Every Song Is A Cry For Love,2006
Eddie Butler,Israel,23.0,4.0,Ze Hazman,2006
Cosmos,Latvia,16.0,30.0,I Hear Your Heart,2006
LT United,Lithuania,6.0,162.0,We Are The Winners,2006
Fabrizio Faniello,Malta,24.0,1.0,I Do,2006
Arsenium & Natalia Gordienko,Moldova,20.0,22.0,Loca,2006
Séverine Ferrer,Monaco,,,La Coco-dance,2006
Treble,Netherlands,,,Amambanda,2006
Elena Risteska,North Macedonia,12.0,56.0,Ninanajna,2006
Christine Guldbrandsen,Norway,14.0,36.0,Alvedansen,2006
Ich Troje,Poland,,,Follow My Heart,2006
Nonstop,Portugal,,,Coisas De Nada,2006
Mihai Traistariu,Romania,4.0,172.0,Tornero,2006
Dima Bilan,Russia,2.0,248.0,Never Let You Go,2006
"Withdrew from the competition, but still voted",Serbia & Montenegro,,,No song yet,2006
Anej Dean,Slovenia,,,Mr. Nobody,2006
Las Ketchup,Spain,21.0,18.0,Bloody Mary,2006
Carola,Sweden,5.0,170.0,Invincible,2006
Six4One,Switzerland,16.0,30.0,If We All Give A Little,2006
Sibel Tüzün,Turkey,11.0,91.0,Superstar,2006
Tina Karol,Ukraine,7.0,145.0,Show Me Your Love,2006
Daz Sampson,United Kingdom,19.0,25.0,Teenage Life,2006
Ledina Celo,Albania,16.0,53.0,Tomorrow I Go,2005
Marian van de Wal,Andorra,,,La Mirada Interior,2005
Global.Kryner,Austria,,,Y Así,2005
Angelica Agurbash,Belarus,,,Love Me Tonight,2005
Nuno Resende,Belgium,,,Le Grand Soir,2005
Feminnem,Bosnia & Herzegovina,14.0,79.0,Call Me,2005
Kaffe,Bulgaria,,,Lorraine,2005
Boris Novkovic feat. Lado members,Croatia,11.0,115.0,Vukovi Umiru Sami,2005
Constantinos Christoforou,Cyprus,18.0,46.0,Ela Ela,2005
Jakob Sveistrup,Denmark,9.0,125.0,Talking To You,2005
Suntribe,Estonia,,,Let's Get Loud,2005
Geir Rönning,Finland,,,Why,2005
Ortal,France,23.0,11.0,Chacun Pense à Soi,2005
Gracia,Germany,24.0,4.0,Run & Hide,2005
Helena Paparizou,Greece,1.0,230.0,My Number One,2005
NOX,Hungary,12.0,97.0,Forogj Világ,2005
Selma,Iceland,,,If I Had Your Love,2005
Donna and Joseph McCaul,Ireland,,,Love?,2005
Shiri Maymon,Israel,4.0,154.0,Hasheket Shenish'ar,2005
Walter & Kazha,Latvia,5.0,153.0,The War Is Not Over,2005
Laura and the Lovers,Lithuania,,,Little By Little,2005
Chiara,Malta,2.0,192.0,Angel,2005
Zdob si Zdub,Moldova,6.0,148.0,Boonika Bate Toba,2005
Lise Darly,Monaco,,,Tout De Moi,2005
Glennis Grace,Netherlands,,,My Impossible Dream,2005
Martin Vucic,North Macedonia,17.0,52.0,Make My Day,2005
Wig Wam,Norway,9.0,125.0,In My Dreams,2005
Ivan & Delfin,Poland,,,Czarna Dziewczyna,2005
2B,Portugal,,,Amar,2005
Luminita Anghel & Sistem,Romania,3.0,158.0,Let Me Try,2005
Natalia Podolskaya,Russia,15.0,57.0,Nobody Hurt No One,2005
No Name,Serbia & Montenegro,7.0,137.0,Zauvijek Moja,2005
Omar Naber,Slovenia,,,Stop,2005
Son de sol,Spain,21.0,28.0,Brujería,2005
Martin Stenmarck,Sweden,19.0,30.0,Las Vegas,2005
Vanilla Ninja,Switzerland,8.0,128.0,Cool Vibes,2005
Gülseren,Turkey,13.0,92.0,Rimi Rimi Ley,2005
Greenjolly,Ukraine,19.0,30.0,Razom Nas Bahato,2005
Javine,United Kingdom,22.0,18.0,Touch My Fire,2005
Anjeza Shahini,Albania,7.0,106.0,The Image Of You,2004
Marta Roure,Andorra,,,Jugarem A Estimar-nos,2004
Tie Break,Austria,21.0,9.0,Du Bist,2004
Aleksandra & Konstantin,Belarus,,,My Galileo,2004
Xandee,Belgium,22.0,7.0,1 Life,2004
Deen,Bosnia & Herzegovina,9.0,91.0,In The Disco,2004
Ivan Mikulic,Croatia,12.0,50.0,You Are The Only One,2004
Lisa Andreas,Cyprus,5.0,170.0,Stronger Every Minute,2004
Tomas Thordarson,Denmark,,,Shame On You,2004
Neiokõsõ,Estonia,,,Tii,2004
Jari Sillanpää,Finland,,,Takes 2 To Tango,2004
Jonatan Cerrada,France,15.0,40.0,A Chaque Pas,2004
Max (Maximilian Mutzke),Germany,8.0,93.0,Can't Wait Until Tonight,2004
Sakis Rouvas,Greece,3.0,252.0,Shake It,2004
Jónsi,Iceland,19.0,16.0,Heaven,2004
Chris Doran,Ireland,22.0,7.0,If My World Stopped Turning,2004
David D'or,Israel,,,Le'ha'amin,2004
Fomins & Kleins,Latvia,,,Dziesma Par Laimi,2004
Linas ir Simona,Lithuania,,,What's Happened To Your Love,2004
Julie & Ludwig,Malta,12.0,50.0,On Again... Off Again,2004
Maryon,Monaco,,,Notre Planète,2004
Re-union,Netherlands,20.0,11.0,Without You,2004
Tose Proeski,North Macedonia,14.0,47.0,Life,2004
Knut Anders Sørum,Norway,24.0,3.0,High,2004
Blue Cafe,Poland,17.0,27.0,Love Song,2004
Sofia,Portugal,,,Foi Magia,2004
Sanda Ladosi,Romania,18.0,18.0,I Admit,2004
Julia Savicheva,Russia,11.0,67.0,Believe Me,2004
Željko Joksimović,Serbia & Montenegro,2.0,263.0,Lane Moje,2004
Platin,Slovenia,,,Stay Forever,2004
Ramón,Spain,10.0,87.0,Para Llenarme De Ti,2004
Lena Philipsson,Sweden,5.0,170.0,It Hurts,2004
Piero Esteriore & the MusicStars,Switzerland,,,Celebrate,2004
Athena,Turkey,4.0,195.0,For Real,2004
Ruslana,Ukraine,1.0,280.0,Wild Dances,2004
James Fox,United Kingdom,16.0,29.0,Hold On To Our Love,2004
Alf Poier,Austria,6.0,101.0,Weil Der Mensch Zählt,2003
Urban Trad,Belgium,2.0,165.0,Sanomi,2003
Mija Martina,Bosnia & Herzegovina,16.0,27.0,Ne Brini,2003
Claudia Beni,Croatia,15.0,29.0,Vie Nisam Tvoja,2003
Stelios Constantas,Cyprus,20.0,15.0,Feeling Alive,2003
Ruffus,Estonia,21.0,14.0,Eighties Coming Back,2003
Louisa Baileche,France,18.0,19.0,Monts Et Merveilles,2003
Lou,Germany,11.0,53.0,Let's Get Happy,2003
Mando,Greece,17.0,25.0,Never Let You Go,2003
Birgitta,Iceland,8.0,81.0,Open Your Heart,2003
Mickey Harte,Ireland,11.0,53.0,Weve Got The World,2003
Lior Narkis,Israel,19.0,17.0,Words For Love,2003
F.L.Y.,Latvia,24.0,5.0,Hello From Mars,2003
Lynn Chirchop,Malta,25.0,4.0,To Dream Again,2003
Esther Hart,Netherlands,13.0,45.0,One More Night,2003
Jostein Hasselgård,Norway,4.0,123.0,I'm Not Afraid To Move On,2003
Ich Troje,Poland,7.0,90.0,Keine Grenzen - Zadnych Granic,2003
Rita Guerra,Portugal,22.0,13.0,Deixa-me Sonhar,2003
Nicola,Romania,10.0,73.0,Dont Break My Heart,2003
t.A.T.u.,Russia,3.0,164.0,"Ne Ver, Ne Boisia",2003
Karmen,Slovenia,23.0,7.0,Nanana,2003
Beth,Spain,8.0,81.0,Dime,2003
Fame,Sweden,5.0,107.0,Give Me Your Love,2003
Sertab Erener,Turkey,1.0,167.0,Everyway That I Can,2003
Olexandr,Ukraine,14.0,30.0,Hasta La Vista,2003
Jemini,United Kingdom,26.0,0.0,Cry Baby,2003
Manuel Ortega,Austria,18.0,26.0,Say A Word,2002
Sergio & the Ladies,Belgium,13.0,33.0,Sister,2002
Maja,Bosnia & Herzegovina,13.0,33.0,Na Jastuku Za Dvoje,2002
Vesna Pisarovic,Croatia,11.0,44.0,Everything I Want,2002
One,Cyprus,6.0,85.0,Gimme,2002
Malene,Denmark,24.0,7.0,Tell Me Who You Are,2002
Sahléne,Estonia,3.0,111.0,Runaway,2002
Laura,Finland,20.0,24.0,Addicted To You,2002
Sandrine François,France,5.0,104.0,Il Faut Du Temps,2002
Corinna May,Germany,21.0,17.0,I Can't Live Without Music,2002
Michalis Rakintzis,Greece,17.0,27.0,S.A.G.A.P.O.,2002
Sarit Hadad,Israel,12.0,37.0,Light A Candle,2002
Marie N,Latvia,1.0,176.0,I Wanna,2002
Aivaras,Lithuania,23.0,12.0,Happy You,2002
Ira Losco,Malta,2.0,164.0,7th Wonder,2002
Karolina,North Macedonia,19.0,25.0,Od Nas Zavisi,2002
Monica Anghel & Marcel Pavel,Romania,9.0,71.0,Tell Me Why,2002
Prime minister,Russia,10.0,55.0,Northern Girl,2002
Sestre,Slovenia,13.0,33.0,Samo Ljubezen,2002
Rosa,Spain,7.0,81.0,Europe's Living A Celebration,2002
Afro-dite,Sweden,8.0,72.0,Never Let It Go,2002
Francine Jordi,Switzerland,22.0,15.0,Dans Le Jardin De Mon Âme,2002
Buket Bengisu & Saphire,Turkey,16.0,29.0,Leylaklar Soldu Kalbinde,2002
Jessica Garlick,United Kingdom,3.0,111.0,Come Back,2002
Nino,Bosnia & Herzegovina,14.0,29.0,Hano,2001
Vanna,Croatia,10.0,42.0,Strings Of My Heart,2001
Rollo & King,Denmark,2.0,177.0,Never Ever Let You Go,2001
"Tanel Padar, Dave Benton & 2XL",Estonia,1.0,198.0,Everybody,2001
Natasha St-Pier,France,4.0,142.0,Je N'ai Que Mon âme,2001
Michelle,Germany,8.0,66.0,Wer Liebe Lebt,2001
Antique,Greece,3.0,147.0,Die For You,2001
TwoTricky,Iceland,22.0,3.0,Angel,2001
Gary O'Shaughnessy,Ireland,21.0,6.0,Without Your Love,2001
Tal Sondak,Israel,16.0,25.0,Ein Davar,2001
Arnis Mednis,Latvia,18.0,16.0,Too Much,2001
Skamp,Lithuania,13.0,35.0,You Got Style,2001
Fabrizio Faniello,Malta,9.0,48.0,Another Summer Night,2001
Michelle,Netherlands,18.0,16.0,Out On My Own,2001
Haldor Lægreid,Norway,22.0,3.0,On My Own,2001
Piasek,Poland,20.0,11.0,2 Long,2001
MTM,Portugal,17.0,18.0,Só Sei Ser Feliz Assim,2001
Mumiy troll,Russia,12.0,37.0,Lady Alpine Blue,2001
Nuša Derenda,Slovenia,7.0,70.0,Energy,2001
David Civera,Spain,6.0,76.0,Dile Que La Quiero,2001
Friends,Sweden,5.0,100.0,Listen To Your Heartbeat,2001
Sedat Yüce,Turkey,11.0,41.0,Sevgiliye Son,2001
Lindsay D.,United Kingdom,15.0,28.0,No Dream Impossible,2001
The rounder girls,Austria,14.0,34.0,All To You,2000
Nathalie Sorce,Belgium,24.0,2.0,Envie De Vivre,2000
Goran Karan,Croatia,9.0,70.0,Kada Zaspu Andeli,2000
Voice,Cyprus,21.0,8.0,Nomiza,2000
Olsen brothers,Denmark,1.0,195.0,Fly On The Wings Of Love,2000
Ines,Estonia,4.0,98.0,Once In A Lifetime,2000
Nina Åström,Finland,18.0,18.0,A Little Bit,2000
Sofia Mestari,France,23.0,5.0,On Aura Le Ciel,2000
Stefan Raab,Germany,5.0,96.0,Wadde Hadde Dudde Da,2000
Einer Augúst Víðisson en Telma Augústdóttir,Iceland,12.0,45.0,Tell Me!,2000
Eamonn Toal,Ireland,6.0,92.0,Millennium Of Love,2000
Ping Pong,Israel,22.0,7.0,Sa'me'akh,2000
BrainStorm,Latvia,3.0,136.0,My Star,2000
Claudette Pace,Malta,8.0,73.0,Desire,2000
Linda Wagenmakers,Netherlands,13.0,40.0,No Goodbyes,2000
XXL,North Macedonia,15.0,29.0,100\% Te Ljubam,2000
Charmed,Norway,11.0,57.0,My Heart Goes Boom,2000
Taxi,Romania,17.0,25.0,The Moon,2000
Alsou,Russia,2.0,155.0,Solo,2000
Serafín Zubiri,Spain,18.0,18.0,Colgado De Un Sueño,2000
Roger Pontare,Sweden,7.0,88.0,When Spirits Are Calling My Name,2000
Jane Bogaert,Switzerland,20.0,14.0,La Vita Cos'è?,2000
Pinar Ayhan & S.O.S. band,Turkey,10.0,59.0,Yorgunum Anla,2000
Nicki French,United Kingdom,16.0,28.0,Don't Play That Song Again,2000
Bobbie Singer,Austria,10.0,65.0,Reflection,1999
Vanessa Chinitor,Belgium,12.0,38.0,Like The Wind,1999
Dino and Beatrice,Bosnia & Herzegovina,7.0,86.0,Putnici,1999
Doris Dragovic,Croatia,4.0,118.0,Marija Magdalena,1999
Marlain Angelidou,Cyprus,22.0,2.0,Tha'nai Erotas,1999
Trine Jepsen & Michael Teschl,Denmark,8.0,71.0,This Time (i Mean It),1999
Evelin Samuel and Camille,Estonia,6.0,90.0,Diamond Of Night,1999
Nayah,France,19.0,14.0,Je Veux Donner Ma Voix,1999
Sürpriz,Germany,3.0,140.0,Reise Nach Jerusalem - Kudüs'e Seyahat,1999
Selma Björnsdóttir,Iceland,2.0,146.0,All Out Of Luck,1999
The Mullan's,Ireland,17.0,18.0,When You Need Me,1999
Eden,Israel,5.0,93.0,Yom Huledeth,1999
Aiste Smilgeviciute,Lithuania,20.0,13.0,Strazdas,1999
Times 3,Malta,15.0,32.0,Believe 'n Peace,1999
Marlayne,Netherlands,8.0,71.0,One Good Reason,1999
Stig André Van Eijk,Norway,14.0,35.0,Living My Life Without You,1999
Mietek (Mieczyslaw) Szczesniak,Poland,18.0,17.0,Przytul Mnie Mocno,1999
Rui Bandeira,Portugal,21.0,12.0,Como Tudo Começou,1999
Darja Svajger,Slovenia,11.0,50.0,For A Thousand Years,1999
Lydia,Spain,23.0,1.0,No Quiero Escuchar,1999
Charlotte Nilsson,Sweden,1.0,163.0,Take Me To Your Heaven,1999
Tuba Önal & Grup Mystik,Turkey,16.0,21.0,Dön Artik,1999
Precious,United Kingdom,12.0,38.0,Say It Again,1999
Mélanie Cohl,Belgium,6.0,122.0,Dis Oui,1998
Danijela,Croatia,5.0,131.0,Neka Mi Ne Svane,1998
Michael Hajiyanni,Cyprus,11.0,37.0,Genesis,1998
Koit Toome,Estonia,12.0,36.0,Mere Lapsed,1998
Edea,Finland,15.0,22.0,Aava,1998
Marie-Line,France,24.0,3.0,Où Aller,1998
Guildo Horn,Germany,7.0,86.0,Guildo Hat Euch Lieb,1998
Dionysia and Thalassa group,Greece,20.0,12.0,Mia Krifi Evaisthissia,1998
Charlie,Hungary,23.0,4.0,A Holnap Már Ném Lesz Szomorú,1998
Dawn,Ireland,9.0,64.0,Is Always Over Now?,1998
Dana International,Israel,1.0,172.0,Diva,1998
Chiara,Malta,3.0,165.0,The One That I Love,1998
Edsilia Rombley,Netherlands,4.0,150.0,Hemel En Aarde,1998
Vlado Janevski,North Macedonia,19.0,16.0,"Ne Zori, Zoro",1998
Lars A. Fredriksen,Norway,8.0,79.0,Alltid Sommer,1998
Sixteen,Poland,17.0,19.0,To Takie Proste,1998
Alma Lusa,Portugal,12.0,36.0,Se Eu Te Pudesse Abraçar,1998
Malina Olinescu,Romania,22.0,6.0,Eu Cred,1998
Katarína Hasprová,Slovakia,21.0,8.0,Modlitba,1998
Vili Resnik,Slovenia,18.0,17.0,Naj Bogovi Sliijo,1998
Mikel Herzog,Spain,16.0,21.0,¿Qué Voy A Hacer Sin Ti?,1998
Jill Johnson,Sweden,10.0,53.0,Kärleken är,1998
Gunvor,Switzerland,25.0,0.0,Lass Ihn,1998
Tüzmen,Turkey,14.0,25.0,Unutamazsin,1998
Imaani,United Kingdom,2.0,166.0,Where Are You?,1998
Bettina Soriat,Austria,21.0,12.0,One Step,1997
Alma Cardzic,Bosnia & Herzegovina,18.0,22.0,Goodbye,1997
ENI,Croatia,17.0,24.0,Probudi Me,1997
Chara and Andreas Konstantinou,Cyprus,5.0,98.0,Mana Mou,1997
Kølig Kaj,Denmark,16.0,25.0,Stemmen I Mit Liv,1997
Maarja-Liis Ilus,Estonia,8.0,82.0,Keelatud Maa,1997
Fanny,France,7.0,95.0,Sentiments Songes,1997
Bianca Shomburg,Germany,18.0,22.0,Zeit,1997
Marianna Zorba,Greece,12.0,39.0,Horepse,1997
VIP,Hungary,12.0,39.0,"Miert Kell, Hogy Elmenj?",1997
Paul Oscar,Iceland,20.0,18.0,Minn Hinsti Dans,1997
Marc Roberts,Ireland,2.0,157.0,Mysterious Woman,1997
Jalisse,Italy,4.0,114.0,Fiumi Di Parole,1997
Debbie Scerri,Malta,9.0,66.0,Let Me Fly,1997
Mrs. Einstein,Netherlands,22.0,5.0,Niemand Heeft Nog Tijd,1997
Tor Endresen,Norway,24.0,0.0,San Francisco,1997
Anna Maria Jopek,Poland,11.0,54.0,Ale Jestem,1997
Célia Lawson,Portugal,24.0,0.0,Antes Do Adeus,1997
Alla Pugachova,Russia,15.0,33.0,Primadonna,1997
Tanja Ribic,Slovenia,10.0,60.0,Zbudi Se,1997
Marcos Llunas,Spain,6.0,96.0,Sin Rencor,1997
Blond,Sweden,14.0,36.0,Bara Hon älskar Mig,1997
Barbara Berta,Switzerland,22.0,5.0,Dentro Di Me,1997
Sebnem Paker and Group Etnic,Turkey,3.0,121.0,Dinle,1997
Katrina and The Waves,United Kingdom,1.0,227.0,Love Shine A Light,1997
George Nußbaumer,Austria,10.0,68.0,Weil's Dr Guat Got,1996
Lisa del Bo,Belgium,16.0,22.0,Liefde Is Een Kaartspel,1996
Amila Glamocak,Bosnia & Herzegovina,22.0,13.0,Za Nau Ljubav,1996
Maja Blagdan,Croatia,4.0,98.0,Sveta Ljubav,1996
Constantinos,Cyprus,9.0,72.0,Móno Gia Más,1996
Ivo Linna and Maarja-Liis Ilus,Estonia,5.0,94.0,Kaelakee Hääl,1996
Jasmine,Finland,23.0,9.0,Niin Kaunis On Taivas,1996
Dan Ar Braz et l'Héritage des Celtes,France,19.0,18.0,Diwanit Bugale,1996
Marianna Efstratiou,Greece,14.0,36.0,Emis Forame To Himona Anixiatika,1996
Anna Mjöll,Iceland,13.0,51.0,Sjúbídú,1996
Eimear Quinn,Ireland,1.0,162.0,The Voice,1996
Miriam Christine,Malta,10.0,68.0,In A Woman's Heart,1996
Maxine and Franklin Brown,Netherlands,7.0,78.0,De Eerste Keer,1996
Elisabeth Andreasson,Norway,2.0,114.0,I Evighet,1996
Kasia Kowalska,Poland,15.0,31.0,Chce Znac Swój Grzech,1996
Lúcia Moniz,Portugal,6.0,92.0,O Meu Coração Não Tem Cor,1996
Marcel Palonder,Slovakia,18.0,19.0,Kým Nás Má,1996
Regina,Slovenia,21.0,16.0,Dan najlepših sanj,1996
Antonio Carbonell,Spain,20.0,17.0,"¡Ay, Qué Deseo!",1996
One More Time,Sweden,3.0,100.0,Den Vilda,1996
Cathy Leander,Switzerland,16.0,22.0,Mon Coeur L'aime,1996
Şebnem Paker,Turkey,12.0,57.0,Besinçi Mevsim,1996
Gina G,United Kingdom,8.0,77.0,Ooh...Aah...Just A Little Bit,1996
Stella Jones,Austria,13.0,67.0,Die Welt Dreht Sich Verkehrt,1995
Frédéric Etherlinck,Belgium,20.0,8.0,La Voix Est Libre,1995
Davor Popovic,Bosnia & Herzegovina,19.0,14.0,Dvadeset I Prvi Vijek,1995
Magazin and Lidija,Croatia,6.0,91.0,Nostalgija,1995
Alexandros Panayi,Cyprus,9.0,79.0,Sti Fotia,1995
Aud Wilken,Denmark,5.0,92.0,Fra Mols Til Skagen,1995
Nathalie Santamaria,France,4.0,94.0,Il Me Donne Rendez-vous,1995
Stone and Stone,Germany,23.0,1.0,Verliebt In Dich,1995
Elina Constantopoulou,Greece,12.0,68.0,Pia Prossefchi,1995
Czaba Szigeti,Hungary,22.0,3.0,Ùj Nèv Egy Règi Hàz Fàlan,1995
Bó Halldórsson,Iceland,15.0,31.0,Núna,1995
Eddie Friel,Ireland,14.0,44.0,Dreamin',1995
Liora,Israel,8.0,81.0,Amen,1995
Mike Spiteri,Malta,10.0,76.0,Keep Me In Mind,1995
Secret Garden,Norway,1.0,148.0,Nocturne,1995
Justyna,Poland,18.0,15.0,Sama,1995
Tó Cruz,Portugal,21.0,5.0,Baunilha E Chocolate,1995
Philipp Kirkorov,Russia,17.0,17.0,Kolybelnaya Dlya Vulkana,1995
Darja Svajger,Slovenia,7.0,84.0,Prisluhni Mi,1995
Anabel Conde,Spain,2.0,119.0,Vuelve Conmigo,1995
Jan Johansen,Sweden,3.0,100.0,Se På Mej,1995
Arzu Ece,Turkey,16.0,21.0,Sev!,1995
Love City Groove,United Kingdom,10.0,76.0,Love City Groove,1995
Petra Frey,Austria,17.0,19.0,Für Den Frieden Der Welt,1994
Alma and Dejan,Bosnia & Herzegovina,15.0,39.0,Ostani Kraj Mene,1994
Tony Cetinski,Croatia,16.0,27.0,Nek'ti Bude Ljubav Sva,1994
Evridiki,Cyprus,11.0,51.0,Ime Anthropos Ke Ego,1994
Silvi Vrait,Estonia,24.0,2.0,Nagu Merelaine,1994
CatCat,Finland,22.0,11.0,Bye Bye Baby,1994
Nina Morato,France,7.0,74.0,Je Suis Un Vrai Garçon,1994
MeKaDo,Germany,3.0,128.0,Wir Geben 'ne Party,1994
Costas Bigalis and the Sea Lovers,Greece,14.0,44.0,To Trehantiri (diri Diri),1994
Friderika Bayer,Hungary,4.0,122.0,Kinek Mondjam El Vétkeimet,1994
Sigga,Iceland,12.0,49.0,Nætur,1994
Paul Harrington and Charlie McGettigan,Ireland,1.0,226.0,Rock 'n' Roll Kids,1994
Ovidijus Vyšniauskas,Lithuania,25.0,0.0,Lopšinė Mylimai,1994
Moira Stafrace and Christopher Scicluna,Malta,5.0,97.0,More Than Love,1994
Willeke Alberti,Netherlands,23.0,4.0,Waar Is De Zon,1994
Elisabeth Andreasson and Jan Werner Danielsen,Norway,6.0,76.0,Duett,1994
Edyta Górniak,Poland,2.0,166.0,To Nie Ja!,1994
Sara Tavares,Portugal,8.0,73.0,Chamar A Música,1994
Dan Bittman,Romania,21.0,14.0,Dincolo De Nori,1994
Youddiph,Russia,9.0,70.0,Vechni Stranik,1994
Martin Durinda and Tublatanka,Slovakia,19.0,15.0,Nekovecná Piesen,1994
Alejandro Abad,Spain,18.0,17.0,Ella No Es Ella,1994
Marie Bergman and Roger Pontare,Sweden,13.0,48.0,Stjärnorna,1994
Duilio,Switzerland,19.0,15.0,Sto Pregando,1994
Frances Ruffelle,United Kingdom,10.0,63.0,We Will Be Free (lonely Symphony),1994
Tony Wegas,Austria,14.0,32.0,Maria Magdalena,1993
Barbara,Belgium,25.0,3.0,Iemand Als Jij,1993
Fazla,Bosnia & Herzegovina,16.0,27.0,Sva Bol Svijeta,1993
Put,Croatia,15.0,31.0,Don't Ever Cry,1993
Kyriakos Zymboulakis and Demos Van Beke,Cyprus,19.0,17.0,Mi Stamatas,1993
Tommy Seebach Band,Denmark,22.0,9.0,Under Stjernerne På Himlen,1993
Katri-Helena,Finland,17.0,20.0,Tule Luo,1993
Patrick Fiori,France,4.0,121.0,Mama Corsica,1993
Münchener Freiheit,Germany,18.0,18.0,Viel Zu Weit,1993
Kaiti Garbi,Greece,9.0,64.0,"Ellada, Hora Tou Fotos",1993
Inga,Iceland,13.0,42.0,þá Veistu Svarið,1993
Niamh Kavanagh,Ireland,1.0,187.0,In Your Eyes,1993
Lakahat Shiru,Israel,24.0,4.0,Shiru,1993
Enrico Ruggeri,Italy,12.0,45.0,Sole D'europa,1993
Modern Times,Luxembourg,20.0,11.0,Donne-moi Une Chance,1993
William Mangion,Malta,8.0,69.0,This Time,1993
Ruth Jacott,Netherlands,6.0,92.0,Vrede,1993
Silje Vige,Norway,5.0,120.0,Alle Mine Tankar,1993
Anabela,Portugal,10.0,60.0,A Cidade Até Ser Dia,1993
1X Band,Slovenia,22.0,9.0,Tih Dezeven Dan,1993
Eva Santamaria,Spain,11.0,58.0,Hombres,1993
Arvingarna,Sweden,7.0,89.0,Eloïse,1993
Annie Cotton,Switzerland,3.0,148.0,"Moi, Tout Simplement",1993
"Burak Aydos, Öztürk Baybora & Serter",Turkey,21.0,10.0,Esmer Yarim,1993
Sonia,United Kingdom,2.0,164.0,Better The Devil You Know,1993
Tony Wegas,Austria,10.0,63.0,Zusammen Geh'n,1992
Morgane,Belgium,20.0,11.0,Nous On Veut Des Violons,1992
Evridiki,Cyprus,11.0,57.0,Teriazoume,1992
Lotte Nilsson and Kenny Lübcke,Denmark,12.0,47.0,Ålt Det Som Ingen Ser,1992
Pave,Finland,23.0,4.0,Yamma Yamma,1992
Kali,France,8.0,73.0,Monté La Riviè,1992
Wind,Germany,16.0,27.0,Träume Sind Für Alle Da,1992
Cleopatra,Greece,5.0,94.0,Olou Tou Kosmou I Elpida,1992
Heart 2 Heart,Iceland,7.0,80.0,Nei Eða Já,1992
Linda Martin,Ireland,1.0,155.0,Why Me,1992
Dafna,Israel,6.0,85.0,Ze Rak Sport,1992
Mia Martini,Italy,4.0,111.0,Rapsodia,1992
Marion Welter and Kontinent,Luxembourg,21.0,10.0,Sou Fräi,1992
Mary Spiteri,Malta,3.0,123.0,Little Child,1992
Humphrey Campbell,Netherlands,9.0,67.0,Wijs Me De Weg,1992
Merethe Trøan,Norway,18.0,23.0,Visjoner,1992
Diná,Portugal,17.0,26.0,Amor D'água Fresca,1992
Serafin,Spain,14.0,37.0,Todo Esto Es La Música,1992
Christer Björkman,Sweden,22.0,9.0,I Morgon är En Annan Dag,1992
Daisy Auvray,Switzerland,15.0,32.0,Mister Music Man,1992
Aylin Vatankos,Turkey,19.0,17.0,Yaz Bitti,1992
Michael Ball,United Kingdom,2.0,139.0,One Step Out Of Time,1992
Extra Nena,Yugoslavia,13.0,44.0,Ljubim Te Pesmama,1992
Thomas Forstner,Austria,22.0,0.0,Venedig Im Regen,1991
Clouseau,Belgium,16.0,23.0,Geef Het Op,1991
Elena Patroclou,Cyprus,9.0,60.0,S.o.s.,1991
Anders Frandsen,Denmark,19.0,8.0,Lige Der Hvor Hjertet Slår,1991
Kaija,Finland,20.0,6.0,Hullu Yö,1991
Amina,France,2.0,146.0,C'est Le Dernier Qui A Parlé Qui A Raison,1991
Atlantis 2000,Germany,18.0,10.0,Dieser Traum Darf Niemals Sterben,1991
Sofia Vossou,Greece,13.0,36.0,I Anixi,1991
Stefán and Eyfi,Iceland,15.0,26.0,Nina,1991
Kim Jackson,Ireland,10.0,47.0,Could It Be That I'm In Love,1991
Duo Datz,Israel,3.0,139.0,Kan,1991
Peppino di Capri,Italy,7.0,89.0,Comme E' Ddoce 'o Mare,1991
Sarah Bray,Luxembourg,14.0,29.0,Un Baiser Volé,1991
Paul Giordimaina and Georgina,Malta,6.0,106.0,Could It Be,1991
Just 4 Fun,Norway,17.0,14.0,Mrs. Thompson,1991
Dulce,Portugal,8.0,62.0,Lusitana Paixão,1991
Sergio Dalma,Spain,4.0,119.0,Bailar Pegados,1991
Carola,Sweden,1.0,146.0,Fångad Av En Stormvind,1991
Sandra Simò,Switzerland,5.0,118.0,Canzone Per Te,1991
"Izel Çeliköz, Rayhan Soykarçi and Can Ugurluér",Turkey,12.0,44.0,Iki Dakika,1991
Samantha Janus,United Kingdom,10.0,47.0,A Message To Your Heart,1991
Baby Doll,Yugoslavia,21.0,1.0,Brazil,1991
Simone,Austria,10.0,58.0,Keine Mauern Mehr,1990
Philippe Lafontaine,Belgium,12.0,46.0,Macédomienne,1990
Haris Anastasiou,Cyprus,14.0,36.0,Milas Poli,1990
Lonnie Devantier,Denmark,8.0,64.0,Hallo Hallo,1990
Beat,Finland,21.0,8.0,Fri?,1990
Joelle Ursull,France,2.0,132.0,White And Black Blues,1990
Chris Kempers and Daniel Kovac,Germany,9.0,60.0,Frei Zu Leben,1990
Christos Callow and Wave,Greece,19.0,11.0,Horis Skopo,1990
Stjórnin,Iceland,4.0,124.0,Eitt Lag Enn,1990
Liam Reilly,Ireland,2.0,132.0,Somewhere In Europe,1990
Rita,Israel,18.0,16.0,Shara Barechovot,1990
Toto Cutugno,Italy,1.0,149.0,Insieme: 1992,1990
Céline Carzo,Luxembourg,13.0,38.0,Quand Je Te Rêve,1990
Maywood,Netherlands,15.0,25.0,Ik Wil Alles Met Je Delen,1990
Ketil Stokkan,Norway,21.0,8.0,Brandenburger Tor,1990
Nucha,Portugal,20.0,9.0,Há Sempre Alguém,1990
Azúcar Moreno,Spain,5.0,96.0,Bandido,1990
Edin-Ådahl,Sweden,16.0,24.0,Som En Vind,1990
Egon Egemann,Switzerland,11.0,51.0,Musik Klingt In Die Welt Hinaus,1990
Kayahan,Turkey,17.0,21.0,Gözlerinin Hapsindeyim,1990
Emma,United Kingdom,6.0,87.0,Give A Little Love Back To The World,1990
Tajci,Yugoslavia,7.0,81.0,Hajde Da Ludujemo,1990
Thomas Forstner,Austria,5.0,97.0,Nur Ein Lied,1989
Ingeborg,Belgium,19.0,13.0,Door De Wind,1989
Fanny Polymeri and Yiannis Savvidakis,Cyprus,11.0,51.0,Apopse As Vrethoume,1989
Birthe Kjær,Denmark,3.0,111.0,Vi Maler Byen Rød,1989
Anneli Saaristo,Finland,7.0,76.0,La Dolce Vita,1989
Nathalie Pâque,France,8.0,60.0,J'ai Volé La Vie,1989
Nino de Angelo,Germany,14.0,46.0,Flieger,1989
Marianna,Greece,9.0,56.0,To Diko Sou Asteri,1989
Daníel Augúst Haraldsson,Iceland,22.0,0.0,Það Sem Enginn Sér,1989
Kiev Connolly and the Missing Passengers,Ireland,18.0,21.0,The Real Me,1989
Gili ve Galit,Israel,12.0,50.0,Derech Ha'melech,1989
Anna Oxa and Fausto Leali,Italy,9.0,56.0,Avrei Voluto,1989
Park Café,Luxembourg,20.0,8.0,Monsieur,1989
Justine Pelmelay,Netherlands,15.0,45.0,Blijf Zoals Je Bent,1989
Britt Synnøve Johansen,Norway,17.0,30.0,Venners Nærhet,1989
Da Vinci,Portugal,16.0,39.0,Conquistador,1989
Nina,Spain,6.0,88.0,Nacida Para Amar,1989
Tommy Nilsson,Sweden,4.0,110.0,En Dag,1989
Furbaz,Switzerland,13.0,47.0,Viver Senza Tei,1989
Pan,Turkey,21.0,5.0,Bana Bana,1989
Live Report,United Kingdom,2.0,130.0,Why Do I Always Get It Wrong,1989
Riva,Yugoslavia,1.0,137.0,Rock Me,1989
Wilfried,Austria,21.0,0.0,Lisa Mona Lisa,1988
Reynaert,Belgium,18.0,5.0,Laissez Briller Le Soleil,1988
Hot Eyes,Denmark,3.0,92.0,Ka' Du Se Hva' Jeg Sa',1988
Boulevard,Finland,20.0,3.0,Nauravat Silmät Muistetaan,1988
Gérard Lenorman,France,10.0,64.0,Chanteur De Charme,1988
Maxi and Chris Garden,Germany,14.0,48.0,Lied Für Einen Freund,1988
Aphroditi Fryda,Greece,17.0,10.0,Kloun,1988
Beathoven,Iceland,16.0,20.0,Sókrates,1988
Jump the Gun,Ireland,8.0,79.0,Take Him Home,1988
Yardena Arazi,Israel,7.0,85.0,Ben Adam,1988
Luca Barbarossa,Italy,12.0,52.0,Ti Scrivo,1988
Lara Fabian,Luxembourg,4.0,90.0,Croire,1988
Gerard Joling,Netherlands,9.0,70.0,Shangri-la,1988
Karoline Krüger,Norway,5.0,88.0,For Vår Jord,1988
Dora,Portugal,18.0,5.0,Voltarei,1988
La Década,Spain,11.0,58.0,La Chica Que Yo Quiero (made In Spain),1988
Tommy Körberg,Sweden,12.0,52.0,Stad I Ljus,1988
Céline Dion,Switzerland,1.0,137.0,Ne Partez Pas Sans Moi,1988
MFÖ,Turkey,15.0,37.0,Sufi (hey Ya Hey),1988
Scott Fitzgerald,United Kingdom,2.0,136.0,Go,1988
Srebrna Krila,Yugoslavia,6.0,87.0,Mangup,1988
Gary Lux,Austria,20.0,8.0,Nur Noch Gefühl,1987
Liliane Saint-Pierre,Belgium,11.0,56.0,Soldiers Of Love,1987
Alexia,Cyprus,7.0,80.0,Aspro Mavro,1987
Anne-Catherine Herdorf and Bandjo,Denmark,5.0,83.0,En Lille Melodi,1987
Vicky Rosti,Finland,15.0,32.0,Sata Salamaa,1987
Christine Minier,France,14.0,44.0,Les Mots D'amour N'ont Pas De Dimanche,1987
Wind,Germany,2.0,141.0,Laß Die Sonne In Dein Herz,1987
Bang,Greece,10.0,64.0,Stop!,1987
Halla Margarét,Iceland,16.0,28.0,Hægt Og Hljótt,1987
Johnny Logan,Ireland,1.0,172.0,Hold Me Now,1987
Datner and Kushnir,Israel,8.0,73.0,Shir Habatlanim,1987
Umberto Tozzi and Raf,Italy,3.0,103.0,Gente Di Mare,1987
Plastic Bertrand,Luxembourg,21.0,4.0,Amour Amour,1987
Marcha,Netherlands,5.0,83.0,Rechtop In De Wind,1987
Kate Gulbrandsen,Norway,9.0,65.0,Mitt Liv,1987
Nevada,Portugal,18.0,15.0,Neste Barco à Vela,1987
Patricia Kraus,Spain,19.0,10.0,No Estás Solo,1987
Lotta Engberg,Sweden,12.0,50.0,Boogaloo,1987
Carole Rich,Switzerland,17.0,26.0,Moitié Moitié,1987
Seyyal Tanner and Lokomotif,Turkey,22.0,0.0,Sarkim Sevgi üstüne,1987
Rikki,United Kingdom,13.0,47.0,Only The Light,1987
Novi Fosili,Yugoslavia,4.0,92.0,Ja Sam Za Ples,1987
Timna Brauer,Austria,18.0,12.0,Die Zeit Ist Einsam,1986
Sandra Kim,Belgium,1.0,176.0,J'aime La Vie,1986
Elpida,Cyprus,20.0,4.0,Tora Zo,1986
Lise Haavik and Trax,Denmark,6.0,77.0,Du Er Fuld Af Løgn,1986
Kari Kuivalainen,Finland,15.0,22.0,Päivä Kahden Ihmisen,1986
Cocktail Chic,France,17.0,13.0,Européennes,1986
Ingrid Peters,Germany,8.0,62.0,Über Die Brücke Geh'n,1986
Icy,Iceland,16.0,19.0,Gleðibankinn,1986
Luv Bug,Ireland,4.0,96.0,You Can Count On Me,1986
Moti Galadi and Sarai Tzuriel,Israel,19.0,7.0,Yavoh Yom,1986
Sherisse Laurence,Luxembourg,3.0,117.0,L'amour De Ma Vie,1986
Frizzle Sizzle,Netherlands,13.0,40.0,Alles Heeft Ritme,1986
Ketil Stokkan,Norway,12.0,44.0,Romeo,1986
Dora,Portugal,14.0,28.0,Não Sejas Mau Para Mim,1986
Cadillac,Spain,10.0,51.0,Valentino,1986
Lasse Holm and Monica Törnell,Sweden,5.0,78.0,E' De' Det Här Du Kallar Kärlek,1986
Daniela Simons,Switzerland,2.0,140.0,Pas Pour Moi,1986
Klips ve Onlar,Turkey,9.0,53.0,Halley,1986
Ryder,United Kingdom,7.0,72.0,Runner In The Night,1986
Doris Dragovic,Yugoslavia,11.0,49.0,Zeljo Moja,1986
Gary Lux,Austria,8.0,60.0,Kinder Dieser Welt,1985
Linda Lepomme,Belgium,19.0,7.0,Laat Me Nu Gaan,1985
Lia Vishy,Cyprus,16.0,15.0,To Katalava Arga,1985
Hot Eyes,Denmark,11.0,41.0,Sku' Du Spør Fra No'n,1985
Sonja Lumme,Finland,9.0,58.0,Eläköön Elämä,1985
Roger Bens,France,10.0,56.0,Femme Dans Ses Rêves Aussi,1985
Wind,Germany,2.0,105.0,Für Alle,1985
Takis Biniaris,Greece,16.0,15.0,Miazoume,1985
Maria Christian,Ireland,6.0,91.0,Wait Until The Weekend Comes,1985
Izhar Cohen,Israel,5.0,93.0,Olé Olé,1985
Al Bano and Romina Power,Italy,7.0,78.0,"Magic, Oh Magic",1985
"Margo, Franck Olivier, Diane Solomon, Ireen Sheer, Malcolm Roberts and Chris Roberts",Luxembourg,13.0,37.0,"Children, Kinder, Enfants",1985
Bobbysocks,Norway,1.0,123.0,La Det Swinge,1985
Adelaïde,Portugal,18.0,9.0,"Penso Em Ti, Eu Sei",1985
Paloma San Basilio,Spain,14.0,36.0,La Fiesta Terminó,1985
Kikki Danielsson,Sweden,3.0,103.0,Bra Vibrationer,1985
Mariella Farré and Pino Gasparini,Switzerland,12.0,39.0,Piano Piano,1985
MFÖ,Turkey,14.0,36.0,Di Dai Di Dai Dai (a'sik Oldum),1985
Vikki,United Kingdom,4.0,100.0,Love Is...,1985
Anita,Austria,19.0,5.0,Einfach Weg,1984
Jacques Zegers,Belgium,5.0,70.0,Avanti La Vie,1984
Andy Paul,Cyprus,15.0,31.0,Anna Mari-elena,1984
Hot Eyes,Denmark,4.0,101.0,Det' Lige Det,1984
Kirka,Finland,9.0,46.0,Hengaillaan,1984
Annick Thoumazeau,France,8.0,61.0,Autant D'amoureux Que D'étoiles,1984
Mary Roos,Germany,13.0,34.0,Aufrecht Geh'n,1984
Linda Martin,Ireland,2.0,137.0,Terminal '3',1984
Alice and Battiato,Italy,5.0,70.0,I Treni Di Tozeur,1984
Sophie Carle,Luxembourg,10.0,39.0,100% D'amour,1984
Maribelle,Netherlands,13.0,34.0,Ik Hou Van Jou,1984
Dollie de Luxe,Norway,17.0,29.0,Lenge Leve Livet,1984
Maria Guinot,Portugal,11.0,38.0,Silêncio E Tanta Gente,1984
Bravo,Spain,3.0,106.0,"Lady, Lady",1984
Herrey's,Sweden,1.0,145.0,Diggi-loo Diggy-ley,1984
Rainy Day,Switzerland,16.0,30.0,Welche Farbe Hat Der Sonnenschein,1984
"Bes Yil Önce, On Yil Sonra",Turkey,12.0,37.0,Halay,1984
Belle and the Devotions,United Kingdom,7.0,63.0,Love Games,1984
Vlado and Isolda,Yugoslavia,18.0,26.0,Ciao Amore,1984
Westend,Austria,9.0,53.0,Hurricane,1983
Pas de Deux,Belgium,18.0,13.0,Rendez-vous,1983
Stavros and Constantina,Cyprus,16.0,26.0,I Agapi Akoma Zi,1983
Gry Johansen,Denmark,17.0,16.0,Kloden Drejer,1983
Ami Aspelund,Finland,11.0,41.0,Fantasiaa,1983
Guy Bonnet,France,8.0,56.0,Vivre,1983
Hoffmann und Hoffmann,Germany,5.0,94.0,Rücksicht,1983
Christie Stassinopoulou,Greece,14.0,32.0,Mou Les,1983
Ofra Haza,Israel,2.0,136.0,Hi,1983
Riccardo Fogli,Italy,11.0,41.0,Per Lucia,1983
Corinne Hermès,Luxembourg,1.0,142.0,Si La Vie Est Cadeau,1983
Bernadette,Netherlands,7.0,66.0,Sing Me A Song,1983
Jahn Teigen,Norway,9.0,53.0,Do Re Mi,1983
Armando Gama,Portugal,13.0,33.0,Esta Balada Que Te Dou,1983
Remedios Amaya,Spain,19.0,0.0,¿quién Maneja Mi Barca?,1983
Carola Häggkvist,Sweden,3.0,126.0,Främling,1983
Mariella Farré,Switzerland,15.0,28.0,Io Così Non Ci Sto,1983
Çetin Alp and the Short Wave,Turkey,19.0,0.0,Opera,1983
Sweet Dreams,United Kingdom,6.0,79.0,I'm Never Giving Up,1983
Danijel,Yugoslavia,4.0,125.0,Dzuli,1983
Mess,Austria,9.0,57.0,Sonntag,1982
Stella,Belgium,4.0,96.0,Si Tu Aimes Ma Musique,1982
Anna Vishy,Cyprus,5.0,85.0,Mono I Agapi,1982
Brixx,Denmark,17.0,5.0,Video-video,1982
Kojo,Finland,18.0,0.0,Nuku Pommiin,1982
Nicole,Germany,1.0,161.0,Ein Bißchen Frieden,1982
The Duskeys,Ireland,11.0,49.0,"Here Today, Gone Tomorrow",1982
Avi Toledano,Israel,2.0,100.0,Hora,1982
Svetlana,Luxembourg,6.0,78.0,Cour Apres Le Temps,1982
Bill van Dijk,Netherlands,16.0,8.0,Jij En Ik,1982
Jahn Teigen and Anita Skorgan,Norway,12.0,40.0,Adieu,1982
Doce,Portugal,13.0,32.0,Bem-bom,1982
Lucía,Spain,10.0,52.0,Él,1982
Chips,Sweden,8.0,67.0,Dag Efter Dag,1982
Arlette Zola,Switzerland,3.0,97.0,Amour On T'aime,1982
Neço,Turkey,15.0,20.0,Hani,1982
Bardo,United Kingdom,7.0,76.0,One Step Further,1982
Aska,Yugoslavia,14.0,21.0,Halo Halo,1982
Marty Brem,Austria,17.0,20.0,Wenn Du Da Bist,1981
Emly Starr,Belgium,13.0,40.0,Samson,1981
Island,Cyprus,6.0,69.0,Monika,1981
Debbie Cameron and Tommy Seebach,Denmark,11.0,41.0,Krøller Eller Ej,1981
Riki Sorsa,Finland,16.0,27.0,Reggae O.k.,1981
Jean Gabilou,France,3.0,125.0,Humanahum,1981
Lena Valaitis,Germany,2.0,132.0,Johnny Blue,1981
Yiannis Dimitras,Greece,8.0,55.0,Feggari Kalokerino,1981
Sheeba,Ireland,5.0,105.0,Horoscopes,1981
Habibi,Israel,7.0,56.0,Halaylah,1981
Jean-Claude Pascal,Luxembourg,11.0,41.0,C'est Peut-être Pas L'amérique,1981
Linda Williams,Netherlands,9.0,51.0,Het Is Een Wonder,1981
Finn Kalvik,Norway,20.0,0.0,Aldri I Livet,1981
Carlos Paião,Portugal,18.0,9.0,Play-back,1981
Bacchelli,Spain,14.0,38.0,Y Solo Tú,1981
Björn Skifs,Sweden,10.0,50.0,Fångad I En Dröm,1981
"Peter, Sue and Marc",Switzerland,4.0,121.0,Io Senza Tei,1981
Modern Folk Trio and Aysegül,Turkey,18.0,9.0,Dönme Dolap,1981
Bucks Fizz,United Kingdom,1.0,136.0,Making Your Mind Up,1981
Seid-Memic Vajta,Yugoslavia,15.0,35.0,Leila,1981
Blue Danube,Austria,8.0,64.0,Du Bist Musik,1980
Telex,Belgium,17.0,14.0,Euro-vision,1980
Bamses Venner,Denmark,14.0,25.0,Tænker Altid På Dig,1980
Vesa-Matti Loiri,Finland,19.0,6.0,Huilumies,1980
Profil,France,11.0,45.0,"Hé, Hé M'sieurs Dames",1980
Katja Ebstein,Germany,2.0,128.0,Theater,1980
Anna Vishy and the Epikouri,Greece,13.0,30.0,Autostop,1980
Johnny Logan,Ireland,1.0,143.0,What's Another Year,1980
Alan Sorrenti,Italy,6.0,87.0,Non So Che Darei,1980
Sophie and Magaly,Luxembourg,9.0,56.0,Papa Pingouin,1980
Samira Bensaïd,Morocco,18.0,7.0,Bitakat Hob,1980
Maggie MacNeal,Netherlands,5.0,93.0,Amsterdam,1980
Sverre Kjellsberg and Mattis Hætta,Norway,16.0,15.0,Sámiid Ædnan,1980
José Cid,Portugal,7.0,71.0,"Um Grande, Grande Amor",1980
Trigo Limpio,Spain,12.0,38.0,Qué Date Esta Noche,1980
Tomas Ledin,Sweden,10.0,47.0,Just Nu!,1980
Paola,Switzerland,4.0,104.0,Cinéma,1980
Ajda Pekkan,Turkey,15.0,23.0,Petr'oil,1980
Prima Donna,United Kingdom,3.0,106.0,Love Enough For Two,1980
Christina Simon,Austria,18.0,5.0,Heute In Jerusalem,1979
Micha Marah,Belgium,18.0,5.0,Hey Nana,1979
Tommy Seebach,Denmark,6.0,76.0,Disco Tango,1979
Katri-Helena,Finland,14.0,38.0,Katso Sineen Taivaan,1979
Anne-Marie David,France,3.0,106.0,Je Suis L'enfant-soleil,1979
Dschinghis Khan,Germany,4.0,86.0,Dschinghis Khan,1979
Elpida,Greece,8.0,69.0,Socrates,1979
Cathal Dunne,Ireland,5.0,80.0,Happy Man,1979
Milk and Honey,Israel,1.0,125.0,Hallelujah,1979
Matia Bazar,Italy,15.0,27.0,Raggio Di Luna,1979
Jeane Manson,Luxembourg,13.0,44.0,J'ai Déjà Vu ça Dans Tes Yeux,1979
Laurent Vaguener,Monaco,16.0,12.0,"Notre Vie, C'est La Musique",1979
Xandra,Netherlands,12.0,51.0,Colorado,1979
Anita Skorgan,Norway,11.0,57.0,Oliver,1979
Manuela Bravo,Portugal,9.0,64.0,"Sobe, Sobe, Balão Sobe",1979
Betty Missiego,Spain,2.0,116.0,Su Canción,1979
Ted Gärdestad,Sweden,17.0,8.0,Satellit,1979
"Peter, Sue and Marc and Pfuri, Gorps and Kniri",Switzerland,10.0,60.0,Trödler Und Co.,1979
Black Lace,United Kingdom,7.0,73.0,Mary Ann,1979
Springtime,Austria,15.0,14.0,Mrs. Caroline Robinson,1978
Jean Vallée,Belgium,2.0,125.0,L'amour ça Fait Chanter La Vie,1978
Mabel,Denmark,16.0,13.0,Boom Boom,1978
Seija Simola,Finland,18.0,2.0,Anna Rakkaudelle Tilaisuus,1978
Joël Prévost,France,3.0,119.0,Il Y Aura Toujours Des Violons,1978
Ireen Sheer,Germany,6.0,84.0,Feuer,1978
Tania Tsanaklidou,Greece,8.0,66.0,Charlie Chaplin,1978
Colm T. Wilkinson,Ireland,5.0,86.0,Born To Sing,1978
Izhar Cohen and the Alphabeta,Israel,1.0,157.0,Abanibi,1978
Ricchi e Poveri,Italy,12.0,53.0,Questo Amore,1978
Baccara,Luxembourg,7.0,73.0,Parlez-vous Français?,1978
Caline and Olivier Toussaint,Monaco,4.0,107.0,Les Jardins De Monaco,1978
Harmony,Netherlands,13.0,37.0,'t Is Ok,1978
Jahn Teigen,Norway,20.0,0.0,Mil Etter Mil,1978
Gemini,Portugal,17.0,5.0,Dai-li-dou,1978
José Vélez,Spain,9.0,65.0,Bailemos Un Vals,1978
Björn Skifs,Sweden,14.0,26.0,Det Blir Alltid Värre Framåt Natten,1978
Carole Vinci,Switzerland,9.0,65.0,Vivre,1978
Nazar,Turkey,18.0,2.0,Sevinçe,1978
Co-Co,United Kingdom,11.0,61.0,The Bad Old Days,1978
Schmetterlinge,Austria,17.0,11.0,Boom Boom Boomerang,1977
Dream Express,Belgium,7.0,69.0,"A Million In One, Two, Three",1977
Monica Aspelund,Finland,10.0,50.0,Lapponia,1977
Marie Myriam,France,1.0,136.0,L'oiseau Et L'enfant,1977
Silver Convention,Germany,8.0,55.0,Telegram,1977
"Pascalis, Marianna, Robert and Bessy",Greece,5.0,92.0,Mathema Solfege,1977
The Swarbriggs Plus Two,Ireland,3.0,119.0,It's Nice To Be In Love Again,1977
Ilanit,Israel,11.0,49.0,Ah-haa-vah Hee Shir Lish-naa-yim,1977
Mia Martini,Italy,13.0,33.0,Liberà,1977
Anne Marie B.,Luxembourg,16.0,17.0,Frère Jacques,1977
Michèle Torr,Monaco,4.0,96.0,Une Petite Française,1977
Heddy Lester,Netherlands,12.0,35.0,De Mallemolen,1977
Anita Skorgan,Norway,14.0,18.0,Casanova,1977
Os Amigos,Portugal,14.0,18.0,Portugal No Coração,1977
Micky,Spain,9.0,52.0,Enseñame A Cantar,1977
Forbes,Sweden,18.0,2.0,Beatles,1977
Pepe Lienhard Band,Switzerland,6.0,71.0,Swiss Lady,1977
Lynsey de Paul and Mike Moran,United Kingdom,2.0,121.0,Rock Bottom,1977
Waterloo and Robinson,Austria,5.0,80.0,My Little World,1976
Pierre Rapsat,Belgium,8.0,68.0,Judy Et Cie.,1976
Fredi and The Friends,Finland,11.0,44.0,Pump-pump,1976
Catherine Ferry,France,2.0,147.0,"Un, Deux, Trois",1976
Les Humphries Singers,Germany,15.0,12.0,"Sing, Sang, Song",1976
Mariza Koch,Greece,13.0,20.0,"Panaghia Mou, Panaghia Mou",1976
Red Hurley,Ireland,10.0,54.0,When,1976
"Chocolate, Menta, Mastik",Israel,6.0,77.0,Emor Shalom,1976
Romina and Al Bano,Italy,7.0,69.0,We'll Live It All Again,1976
Jürgen Marcus,Luxembourg,14.0,17.0,Chansons Pour Ceux Qui S'aiment,1976
Mary Christy,Monaco,3.0,93.0,"Toi, La Musique Et Moi",1976
Sandra Reemer,Netherlands,9.0,56.0,The Party's Over Now,1976
Anne-Karine Ström,Norway,18.0,7.0,Mata Hari,1976
Carlos do Carmo,Portugal,12.0,24.0,Uma Flor De Verde Pinho,1976
Braulio,Spain,16.0,11.0,Sobran Las Palabras,1976
"Peter, Sue and Marc",Switzerland,4.0,91.0,"Djambo, Djambo",1976
Brotherhood of Man,United Kingdom,1.0,164.0,Save Your Kisses For Me,1976
Ambasadori,Yugoslavia,17.0,10.0,Ne Mogu Skriti Svoju Bol,1976
Ann Christy,Belgium,15.0,17.0,Gelukkig Zijn,1975
Pihasoittajat,Finland,7.0,74.0,Old Man Fiddle,1975
Nicole Rieu,France,4.0,91.0,Et Bonjour à Toi L'artiste,1975
Joy Fleming,Germany,17.0,15.0,Ein Lied Kann Eine Brücke Sein,1975
The Swarbriggs,Ireland,9.0,68.0,That's What Friends Are For,1975
Shlomo Artzi,Israel,11.0,40.0,At Ve'ani,1975
Wess and Dori Ghezzi,Italy,3.0,115.0,Era,1975
Géraldine,Luxembourg,5.0,84.0,Toi,1975
Renato,Malta,12.0,32.0,Singing This Song,1975
Sophie,Monaco,13.0,22.0,Une Chanson C'est Une Lettre,1975
Teach-In,Netherlands,1.0,152.0,Ding-A-Dong,1975
Ellen Nikolaysen,Norway,18.0,11.0,You Touched My Life With Summer,1975
Duarte Mendes,Portugal,16.0,16.0,Madrugada,1975
Sergio y Estíbaliz,Spain,10.0,53.0,Tú Volverás,1975
Lars Berghagen and the Dolls,Sweden,8.0,72.0,"Jennie, Jennie",1975
Simone Drexel,Switzerland,6.0,77.0,Mikado,1975
Semiha Yanki,Turkey,19.0,3.0,Seninle Bir Dakika,1975
The Shadows,United Kingdom,2.0,138.0,Let Me Be The One,1975
Pepel In Kri,Yugoslavia,13.0,22.0,Dan Ljubezni,1975
Jacques Hustin,Belgium,9.0,10.0,Fleur De Liberté,1974
Carita,Finland,13.0,4.0,Äla Mene Pois (Keep Me Warm),1974
Cindy und Bert,Germany,14.0,3.0,Die Sommermelodie,1974
Marinella,Greece,11.0,7.0,"Krassi, Thalassa Ke T'agori Mou",1974
Tina,Ireland,7.0,11.0,Cross Your Heart,1974
Poogy,Israel,7.0,11.0,Natati La Khaiai,1974
Gigliola Cinquetti,Italy,2.0,18.0,Si,1974
Ireen Sheer,Luxembourg,4.0,14.0,"Bye, Bye, I Love You",1974
Romuald,Monaco,4.0,14.0,Celui Qui Reste Et Celui Qui S'en Va,1974
Mouth and MacNeal,Netherlands,3.0,15.0,I See A Star,1974
Anne-Karine Ström and the Bendik Singers,Norway,14.0,3.0,The First Day Of Love,1974
Paulo de Carvalho,Portugal,14.0,3.0,E Depois Do Adeus,1974
Peret,Spain,9.0,10.0,Canta Y Se Feliz,1974
ABBA,Sweden,1.0,24.0,Waterloo,1974
Piera Martell,Switzerland,14.0,3.0,Mein Ruf Nach Dir,1974
Olivia Newton-John,United Kingdom,4.0,14.0,Long Live Love,1974
Korni,Yugoslavia,12.0,6.0,Generacija 42,1974
Nicole and Hugo,Belgium,17.0,58.0,"Baby, Baby",1973
Marion Rung,Finland,6.0,93.0,Tom Tom Tom,1973
Martine Clémenceau,France,15.0,65.0,Sans Toi,1973
Gitte,Germany,8.0,85.0,Junger Tag,1973
Maxi,Ireland,10.0,80.0,Do I Dream?,1973
Ilanit,Israel,4.0,97.0,Ey-sham,1973
Massimo Ranieri,Italy,13.0,74.0,Chi Sarà Con Te,1973
Anne-Marie David,Luxembourg,1.0,129.0,Tu Te Reconnaîtras,1973
Marie,Monaco,8.0,85.0,Un Train Qui Part,1973
Ben Cramer,Netherlands,14.0,69.0,De Oude Muzikant,1973
Bendik Singers,Norway,7.0,89.0,It's Just A Game,1973
Fernando Tordo,Portugal,10.0,80.0,Tourada,1973
Mocedades,Spain,2.0,125.0,Eres Tú,1973
The Nova and The Dolls,Sweden,5.0,94.0,You're Summer,1973
Patrick Juvet,Switzerland,12.0,79.0,"Je Me Vais Marier, Marie",1973
Cliff Richard,United Kingdom,3.0,123.0,Power To All Our Friends,1973
Zdravko Colic,Yugoslavia,15.0,65.0,Gori Vatra,1973
The Milestones,Austria,5.0,100.0,Falter Im Wind,1972
Serge and Christine Ghisoland,Belgium,17.0,55.0,À La Folie Ou Pas Du Tout,1972
Päivi Paunu and Kim Floor,Finland,12.0,78.0,Muistathan,1972
Betty Mars,France,11.0,81.0,Comé-comédie,1972
Mary Roos,Germany,3.0,107.0,Nur Die Liebe Läßt Uns Leben,1972
Sandie Jones,Ireland,15.0,72.0,Ceol On Ghrá,1972
Nicola di Bari,Italy,6.0,92.0,I Giorni Dell' Arcobaleno,1972
Vicky Leandros,Luxembourg,1.0,128.0,Après Toi,1972
Helen and Joseph,Malta,18.0,48.0,L-imhabba,1972
Anne-Marie Godart and Peter MacLane,Monaco,16.0,65.0,Comme On S'aime,1972
Sandra and Andres,Netherlands,4.0,106.0,Als Het Om De Liefde Gaat,1972
Grethe Kausland and Benny Borg,Norway,14.0,73.0,Småting,1972
Carlos Mendes,Portugal,7.0,90.0,A Festa Da Vida,1972
Jaime Morey,Spain,10.0,83.0,Amanece,1972
Family Four,Sweden,13.0,75.0,Härliga Sommardag,1972
Véronique Müller,Switzerland,8.0,88.0,C'est La Chanson De Mon Amour,1972
The New Seekers,United Kingdom,2.0,114.0,"Beg, Steal Or Borrow",1972
Tereza,Yugoslavia,9.0,87.0,Muzika I Ti,1972
Marianne Mendt,Austria,16.0,66.0,Musik,1971
Lily Castel and Jacques Raymond,Belgium,14.0,68.0,"Goeie Morgen, Morgen",1971
Markku Aro and Koivisto Sisters,Finland,8.0,84.0,Tie Uuteen Päivään,1971
Serge Lama,France,10.0,82.0,Un Jardin Sur La Terre,1971
Katja Ebstein,Germany,3.0,100.0,Diese Welt,1971
Angela Farrell,Ireland,11.0,79.0,One Day Love,1971
Massimo Ranieri,Italy,5.0,91.0,L'amore è Un Attimo,1971
Monique Melsen,Luxembourg,13.0,70.0,"Pomme, Pomme, Pomme",1971
Joe Grech,Malta,18.0,52.0,Marija L-maltija,1971
Séverine,Monaco,1.0,128.0,"Un Banc, Un Arbre, Une Rue",1971
Saskia and Serge,Netherlands,6.0,85.0,De Tijd,1971
Hanne Krogh,Norway,17.0,65.0,Lykken Er...,1971
Tonicha,Portugal,9.0,83.0,Menina Do Alto Da Serra,1971
Karina,Spain,2.0,116.0,En Un Mundo Nuevo,1971
Family Four,Sweden,6.0,85.0,Vita Vidder,1971
"Peter, Sue and Marc",Switzerland,12.0,78.0,Les Illusions De Nos Vingt Ans,1971
Clodagh Rodgers,United Kingdom,4.0,98.0,Jack In The Box,1971
Krunoslav Slabinac,Yugoslavia,14.0,68.0,Tvoj Djecak Je Tuzan,1971
Jean Vallée,Belgium,8.0,5.0,Viens L'oublier,1970
Guy Bonnet,France,4.0,8.0,Marie Blanche,1970
Katja Ebstein,Germany,3.0,12.0,Wunder Gibt Es Immer Wieder,1970
Dana,Ireland,1.0,32.0,All Kinds Of Everything,1970
Gianni Morandi,Italy,8.0,5.0,Occhi Di Ragazza,1970
David-Alexandre Winter,Luxembourg,12.0,0.0,Je Suis Tombé Du Ciel,1970
Dominique Dussault,Monaco,8.0,5.0,Marlène,1970
Patricia and Hearts of Soul,Netherlands,7.0,7.0,Waterman,1970
Julio Iglesias,Spain,4.0,8.0,Gwendolyne,1970
Henri Dès,Switzerland,4.0,8.0,Retour,1970
Mary Hopkin,United Kingdom,2.0,26.0,"Knock, Knock (who's There?)",1970
Eva Sren,Yugoslavia,11.0,4.0,"Pridi, Dala Ti Bom Cvet",1970
Louis Neefs,Belgium,7.0,10.0,Jennifer Jennings,1969
Jarkko and Laura,Finland,12.0,6.0,Kuin Silloin Ennen,1969
Frida Boccara,France,1.0,18.0,"Un Jour, Un Enfant",1969
Siw Malmkvist,Germany,9.0,8.0,Primaballerina,1969
Muriel Day and the Lindsays,Ireland,7.0,10.0,The Wages Of Love,1969
Iva Zanicchi,Italy,13.0,5.0,Due Grosse Lacrime Bianche,1969
Romuald,Luxembourg,11.0,7.0,Cathérine,1969
Jean-Jacques,Monaco,6.0,11.0,"Maman, Maman",1969
Lenny Kuhr,Netherlands,1.0,18.0,De Troubadour,1969
Kirsti Sparboe,Norway,16.0,1.0,"Oj, Oj, Oj, Så Glad, Jeg Skal Bli",1969
Simone de Oliveira,Portugal,15.0,4.0,Desfolhada Portuguesa,1969
Salomé,Spain,1.0,18.0,Vivo Cantando,1969
Tommy Körberg,Sweden,9.0,8.0,"Judy, Min Vän",1969
Paola del Medico,Switzerland,5.0,13.0,"Bonjour, Bonjour",1969
Lulu,United Kingdom,1.0,18.0,Boom Bang-a-bang,1969
Ivan,Yugoslavia,13.0,5.0,Pozdrav Svijetu,1969
Karel Gott,Austria,13.0,2.0,Tausend Fenster,1968
Claude Lombard,Belgium,7.0,8.0,Quand Tu Reviendras,1968
Kristina Hautala,Finland,16.0,1.0,Kun Kello Käy,1968
Isabelle Aubret,France,3.0,20.0,La Source,1968
Wencke Myhre,Germany,6.0,11.0,Ein Hoch Der Liebe,1968
Pat McGeegan,Ireland,4.0,18.0,Chance Of A Lifetime,1968
Sergio Endrigo,Italy,10.0,7.0,Marianne,1968
Chris Baldo and Sophie Garel,Luxembourg,11.0,5.0,Nous Vivrons D'amour,1968
Line and Willy,Monaco,7.0,8.0,A Chacun Sa Chanson,1968
Ronnie Tober,Netherlands,16.0,1.0,Morgen,1968
Odd Børre,Norway,13.0,2.0,Stress,1968
Carlos Mendes,Portugal,11.0,5.0,Verão,1968
Massiel,Spain,1.0,29.0,"La, La, La...",1968
Claes-Göran Hederström,Sweden,5.0,15.0,"Det Börjar Verka Kärlek, Banne Mej",1968
Gianni Mascolo,Switzerland,13.0,2.0,Guardando Il Sole,1968
Cliff Richard,United Kingdom,2.0,28.0,Congratulations,1968
Luci Kapurso and Hamo Hajdarhodzic,Yugoslavia,7.0,8.0,Jedan Dan,1968
Peter Horten,Austria,14.0,2.0,Warum Es Hunderttausend Sterne Gibt,1967
Louis Neefs,Belgium,7.0,8.0,Ik Heb Zorgen,1967
Fredi,Finland,12.0,3.0,Varjoon-suojaan,1967
Noëlle Cordier,France,3.0,20.0,Il Doit Faire Beau Là-bas,1967
Inge Brück,Germany,8.0,7.0,Anouschka,1967
Sean Dunphy,Ireland,2.0,22.0,If I Could Choose,1967
Claudio Villa,Italy,11.0,4.0,Non Andare Più Lontano,1967
Vicky,Luxembourg,4.0,17.0,L'amour Est Bleu,1967
Minouche Barelli,Monaco,5.0,10.0,Boum-badaboum,1967
Thérèse Steinmetz,Netherlands,14.0,2.0,Ring-dinge,1967
Kirsti Sparboe,Norway,14.0,2.0,Dukkemann,1967
Eduardo Nascimento,Portugal,12.0,3.0,O Vento Mudou,1967
Raphael,Spain,6.0,9.0,Hablemos Del Amor,1967
Östen Warnebring,Sweden,8.0,7.0,Som En Dröm,1967
Géraldine,Switzerland,17.0,0.0,Quel Coeur Vas-tu Briser?,1967
Sandie Shaw,United Kingdom,1.0,47.0,Puppet On A String,1967
Lado Leskovar,Yugoslavia,8.0,7.0,Vse Roze Sveta,1967
Udo Jürgens,Austria,1.0,31.0,Merci Chérie,1966
Tonia,Belgium,4.0,14.0,"Un Peu De Poivre, Un Peu De Sel",1966
Ulla Pia,Denmark,14.0,4.0,"Stop, Ja Stop - Ja Stop, Mens Legen Er Go",1966
Ann-Christine Nyström,Finland,10.0,7.0,Play-boy,1966
Dominique Walter,France,16.0,1.0,Chez Nous,1966
Margot Eskens,Germany,10.0,7.0,Die Zeiger Der Uhr,1966
Dickie Rock,Ireland,4.0,14.0,Come Back To Stay,1966
Domenico Modugno,Italy,17.0,0.0,Dio Come Ti Amo,1966
Michèle Torr,Luxembourg,10.0,7.0,Ce Soir Je T'attendais,1966
Tereza,Monaco,17.0,0.0,Bien Plus Fort,1966
Milly Scott,Netherlands,15.0,2.0,Fernando En Philippo,1966
Åse Kleveland,Norway,3.0,15.0,Intet Er Nytt Under Solen,1966
Madalena Iglesias,Portugal,13.0,6.0,Ele E Ela,1966
Raphael,Spain,7.0,9.0,Yo Soy Aquél,1966
Lill Lindfors and Svante Thuresson,Sweden,2.0,16.0,Nygammal Vals Eller Hip Man Svinaherde,1966
Madeleine Pascal,Switzerland,6.0,12.0,Ne Vois-tu Pas?,1966
Kenneth McKellar,United Kingdom,9.0,8.0,A Man Without Love,1966
Berta Ambroz,Yugoslavia,7.0,9.0,Brez Besed,1966
Udo Jürgens,Austria,4.0,16.0,"Sag Ihr, Ich Lass' Sie Grüßen",1965
Lize Marke,Belgium,15.0,0.0,Als Het Weer Lente Is,1965
Birgit Brüel,Denmark,7.0,10.0,For Din Skyld,1965
Viktor Klimenko,Finland,15.0,0.0,Aurinko Laskee Länteen,1965
Guy Mardel,France,3.0,22.0,N'avoue Jamais,1965
Ulla Wiesner,Germany,15.0,0.0,"Paradies, Wo Bist Du?",1965
Butch Moore,Ireland,6.0,11.0,I'm Walking The Streets In The Rain,1965
Bobby Solo,Italy,5.0,15.0,"Se Piangi, Se Ridi",1965
France Gall,Luxembourg,1.0,32.0,"Poupée De Cire, Poupée De Son",1965
Marjorie Noël,Monaco,9.0,7.0,Va Dire à L'amour,1965
Conny Van den bos,Netherlands,11.0,5.0,Het Is Genoeg,1965
Kirsti Sparboe,Norway,13.0,1.0,Karusell,1965
Simone de Oliviera,Portugal,13.0,1.0,Sol De Inverno,1965
Conchita Bautista,Spain,15.0,0.0,"Qué Bueno, Qué Bueno",1965
Ingvar Wixell,Sweden,10.0,6.0,Absent Friend,1965
Yovanna,Switzerland,8.0,8.0,Non à Jamais Sans Toi,1965
Kathy Kirby,United Kingdom,2.0,26.0,I Belong,1965
Vice Vukov,Yugoslavia,12.0,2.0,Ceznja,1965
Udo Jürgens,Austria,6.0,11.0,"Warum Nur, Warum?",1964
Robert Cogoi,Belgium,10.0,2.0,Près De Ma Rivière,1964
Bjørn Tidmand,Denmark,9.0,4.0,Sangen Om Dig,1964
Lasse Mårtenson,Finland,7.0,9.0,Laiskotellen,1964
Rachel,France,4.0,14.0,Le Chant De Mallory,1964
Nora Nova,Germany,13.0,0.0,Man Gewöhnt Sich So Schnell An Das Schöne,1964
Gigliola Cinquetti,Italy,1.0,49.0,Non Ho L'étà,1964
Hugues Aufray,Luxembourg,4.0,14.0,Dès Que Le Printemps Revient,1964
Romuald,Monaco,3.0,15.0,Où Sont-elles Passées?,1964
Anneke Grönloh,Netherlands,10.0,2.0,Jij Bent Mijn Leven,1964
Arne Bendiksen,Norway,8.0,6.0,Spiral,1964
António Calvário,Portugal,13.0,0.0,Oração,1964
"Tim, Nelly and Tony",Spain,12.0,1.0,Caracola,1964
Anita Traversi,Switzerland,13.0,0.0,I Miei Pensieri,1964
Matt Monro,United Kingdom,2.0,17.0,I Love The Little Things,1964
Sabahudin Kurt,Yugoslavia,13.0,0.0,Zivot Je Sklopio Krug,1964
Carmela Corren,Austria,7.0,16.0,Vielleicht Geschieht Ein Wunder,1963
Jacques Raymond,Belgium,10.0,4.0,Waarom,1963
Grethe and Jørgen Ingmann,Denmark,1.0,42.0,Dansevise,1963
Laila Halme,Finland,13.0,0.0,Muistojeni Laulu,1963
Alain Barrière,France,5.0,25.0,Elle était Si Jolie,1963
Heidi Brühl,Germany,9.0,5.0,Marcel,1963
Emilio Pericoli,Italy,3.0,37.0,Uno Per Tutte,1963
Nana Mouskouri,Luxembourg,8.0,13.0,A Force De Prier,1963
Françoise Hardy,Monaco,5.0,25.0,L'amour S'en Va,1963
Annie Palmen,Netherlands,13.0,0.0,Een Speeldoos,1963
Anita Thallaug,Norway,13.0,0.0,Solhverv,1963
José Guardiola,Spain,12.0,2.0,Algo Prodigioso,1963
Monica Zetterlund,Sweden,13.0,0.0,En Gång I Stockholm,1963
Esther Ofarim,Switzerland,2.0,40.0,T'en Va Pas,1963
Ronnie Carroll,United Kingdom,4.0,28.0,Say Wonderful Things,1963
Vice Vukov,Yugoslavia,11.0,3.0,Brodovi,1963
Eleonore Schwarz,Austria,13.0,0.0,Nur In Der Wiener Luft,1962
Fud Leclerc,Belgium,13.0,0.0,Ton Nom,1962
Ellen Winther,Denmark,10.0,2.0,Vuggevise,1962
Marion Rung,Finland,7.0,4.0,Tipi-tii,1962
Isabelle Aubret,France,1.0,26.0,Un Premier Amour,1962
Conny Froboess,Germany,6.0,9.0,Zwei Kleine Italiener,1962
Claudio Villa,Italy,9.0,3.0,"Addio, Addio",1962
Camillo Felgen,Luxembourg,3.0,11.0,Petit Bonhomme,1962
François Deguelt,Monaco,2.0,13.0,Dis Rien,1962
De Spelbrekers,Netherlands,13.0,0.0,Katinka,1962
Inger Jacobsen,Norway,10.0,2.0,"Kom Sol, Kom Regn",1962
Victor Balaguer,Spain,13.0,0.0,Llámame,1962
Inger Berggren,Sweden,7.0,4.0,Sol Och Vår,1962
Jean Philippe,Switzerland,10.0,2.0,Le Retour,1962
Ronnie Carroll,United Kingdom,4.0,10.0,Ring-a-ding Girl,1962
Lola Novakovic,Yugoslavia,4.0,10.0,Ne Pali Svetlo U Sumrak,1962
Jimmy Makulis,Austria,15.0,1.0,Sehnsucht,1961
Bob Benny,Belgium,15.0,1.0,"September, Gouden Roos",1961
Dario Campeotto,Denmark,5.0,12.0,Angelique,1961
Laila Kinnunen,Finland,10.0,6.0,Valoa Ikkunassa,1961
Jean-Paul Mauric,France,4.0,13.0,Printemps (avril Carillonne),1961
Lale Andersen,Germany,13.0,3.0,Einmal Sehen Wir Uns Wieder,1961
Betty Curtis,Italy,5.0,12.0,Al Di Là,1961
Jean-Claude Pascal,Luxembourg,1.0,31.0,Nous Les Amoureux,1961
Colette Deréal,Monaco,10.0,6.0,"Allons, Allons Les Enfants",1961
Greetje Kauffeld,Netherlands,10.0,6.0,Wat Een Dag,1961
Nora Brockstedt,Norway,7.0,10.0,Sommer I Palma,1961
Conchita Bautista,Spain,9.0,8.0,Estando Contigo,1961
Lill-Babs,Sweden,14.0,2.0,"April, April",1961
Franca di Rienzo,Switzerland,3.0,16.0,Nous Aurons Demain,1961
The Allisons,United Kingdom,2.0,24.0,Are You Sure?,1961
Ljiljana Petrovic,Yugoslavia,8.0,9.0,Neke Davne Zvezde,1961
Harry Winter,Austria,7.0,6.0,Du Hast Mich So Fasziniert,1960
Fud Leclerc,Belgium,6.0,9.0,Mon Amour Pour Toi,1960
Katy Bødtger,Denmark,10.0,4.0,Det Var En Yndig Tid,1960
Jacqueline Boyer,France,1.0,32.0,Tom Pillibi,1960
Wyn Hoop,Germany,4.0,11.0,"Bonne Nuit, Ma Chérie!",1960
Renato Rascel,Italy,8.0,5.0,Romantica,1960
Camillo Felgen,Luxembourg,13.0,1.0,So Laang We's Du Do Bast,1960
François Deguelt,Monaco,3.0,15.0,Ce Soir-là,1960
Rudi Carrell,Netherlands,12.0,2.0,Wat Een Geluk,1960
Nora Brockstedt,Norway,4.0,11.0,Voi-voi,1960
Siw Malmkvist,Sweden,10.0,4.0,Alla Andra Får Varann,1960
Anita Traversi,Switzerland,8.0,5.0,Cielo E Terra,1960
Bryan Johnson,United Kingdom,2.0,25.0,"Looking High, High, High",1960
Ferry Graf,Austria,9.0,4.0,Der K. Und K. Kalypso Aus Wien,1959
Bob Benny,Belgium,6.0,9.0,Hou Toch Van Mij,1959
Birthe Wilke,Denmark,5.0,12.0,Uh-jeg Ville Ønske Jeg Var Dig,1959
Jean Philippe,France,3.0,15.0,"Oui, Oui, Oui, Oui",1959
Alice and Ellen Kessler,Germany,8.0,5.0,Heut' Woll'n Wir Tanzen Geh'n,1959
Domenico Modugno,Italy,6.0,9.0,Piove,1959
Jacques Pills,Monaco,11.0,1.0,Mon Ami Pierrot,1959
Teddy Scholten,Netherlands,1.0,21.0,Een Beetje,1959
Brita Borg,Sweden,9.0,4.0,Augustin,1959
Christa Williams,Switzerland,4.0,14.0,Irgendwoher,1959
Pearl Carr and Teddy Johnson,United Kingdom,2.0,16.0,Sing Little Birdie,1959
Liane Augustin,Austria,5.0,8.0,Die Ganze Welt Braucht Liebe,1958
Fud Leclerc,Belgium,5.0,8.0,Ma Petite Chatte,1958
Raquel Rastenni,Denmark,8.0,3.0,Jeg Rev Et Blad Ud Af Min Dagbog,1958
André Claveau,France,1.0,27.0,Dors Mon Amour,1958
Margot Hielscher,Germany,7.0,5.0,Für Zwei Groschen Musik,1958
Domenico Modugno,Italy,3.0,13.0,Nel Blu Dipinto Di Blu,1958
Solange Berry,Luxembourg,9.0,1.0,Un Grand Amour,1958
Corry Brokken,Netherlands,9.0,1.0,Heel De Wereld,1958
Alice Babs,Sweden,4.0,10.0,Lilla Stjärna,1958
Lys Assia,Switzerland,2.0,24.0,Giorgio,1958
Bob Martin,Austria,10.0,3.0,"Wohin, Kleines Pony",1957
Bobbejaan Schoepen,Belgium,8.0,5.0,Straatdeuntje,1957
Birthe Wilke and Gustav Winckler,Denmark,3.0,10.0,Skibet Skal Sejle I Nat,1957
Paule Desjardins,France,2.0,17.0,La Belle Amour,1957
Margot Hielscher,Germany,4.0,8.0,"Telefon, Telefon",1957
Nunzio Gallo,Italy,6.0,7.0,Corde Della Mia Chitarra,1957
Danièle Dupré,Luxembourg,4.0,8.0,Tant De Peine,1957
Corry Brokken,Netherlands,1.0,31.0,Net Als Toen,1957
Lys Assia,Switzerland,8.0,5.0,L'enfant Que J'étais,1957
Patricia Bredin,United Kingdom,7.0,6.0,All,1957
Fud Leclerc,Belgium,2.0,0.0,Messieurs Les Noyés De La Seine,1956
Mony Marc,Belgium,2.0,0.0,Le Plus Beau Jour De Ma Vie,1956
Dany Dauberson,France,2.0,0.0,Il Est Là,1956
Mathé Altéry,France,2.0,0.0,Le Temps Perdu,1956
Freddy Quinn,Germany,2.0,0.0,So Geht Das Jede Nacht,1956
Walter Andreas Schwarz,Germany,2.0,0.0,Im Wartesaal Zum Großen Glück,1956
Franca Raimondi,Italy,2.0,0.0,Aprite Le Finestre,1956
Tonina Torielli,Italy,2.0,0.0,Amami Se Vuoi,1956
Michèle Arnaud,Luxembourg,2.0,0.0,Les Amants De Minuit,1956
Michèle Arnaud,Luxembourg,2.0,0.0,Ne Crois Pas,1956
Corry Brokken,Netherlands,2.0,0.0,Voorgoed Voorbij,1956
Jetty Paerl,Netherlands,2.0,0.0,De Vogels Van Holland,1956
Lys Assia,Switzerland,2.0,0.0,Das Alte Karussell,1956
Lys Assia,Switzerland,1.0,0.0,Refrain,1956
