artist,country,language,title,year
Jetty Paerl,Netherlands,Dutch,De Vogels Van Holland,1956
Lys Assia,Switzerland,German,Das Alte Karussel,1956
Fud Leclerc,Belgium,French,Messieurs Les Noyés Dans La Seine,1956
Walter Andreas Schwarz,Germany,German,Das Lied Vom Großen Glück,1956
Mathé Altéry,France,French,Le Temps Perdu,1956
Michèle Arnaud,Luxembourg,French,Ne Crois Pas,1956
Franca Raimondi,Italy,Italian,Aprite Le Finestre,1956
Corry Brokken,Netherlands,Dutch,Voorgoed Voorbij,1956
Lys Assia,Switzerland,French,Refrain,1956
Mony Marc,Belgium,French,Le Plus Beau Jour De Ma Vie,1956
Freddy Quinn,Germany,German,So Geht Das Jede Nacht,1956
Dany Dauberson,France,French,Il Est Là,1956
Michèle Arnaud,Luxembourg,French,Les Amants De Minuit,1956
Tonina Torrielli,Italy,Italian,Amami Se Vuoi,1956
Bobbejaan Schoepen,Belgium,Dutch,Straatdeuntje,1957
Danièle Dupré,Luxembourg,French,Tant De Peine,1957
Patricia Bredin,United Kingdom,English,All,1957
Nunzio Gallo,Italy,Italian,Corde Della Mia Chitarra,1957
Bob Martin,Austria,German,Wohin Kleines Pony,1957
Corry Brokken,Netherlands,Dutch,Net Als Toen,1957
Margot Hielscher,Germany,German,"Telefon, Telefon",1957
Paule Desjardins,France,French,La Belle Amour,1957
Birthe Wilke & Gustav Winckler,Denmark,Danish,Skibet Skal Sejle I Nat,1957
Lys Assia,Switzerland,French,L'enfant Que J'etais,1957
Domenico Modugno,Italy,Italian,Nel Blu Dipinto Di Blu,1958
Corry Brokken,Netherlands,Dutch,Heel De Wereld,1958
André Claveau,France,French,"Dors, Mon Amour",1958
Solange Berry,Luxembourg,French,Un Grand Amour,1958
Alice Babs,Sweden,Swedish,Lilla Stjärna,1958
Raquel Rastenni,Denmark,Danish,Jeg Rev Et Blad Ud Af Min Dagbog,1958
Fud Leclerc,Belgium,French,Ma Petite Chatte,1958
Margot Hielscher,Germany,German,Für Zwei Groschen Musik,1958
Liane Augustin,Austria,German,Die Ganze Welt Braucht Liebe,1958
Lys Assia,Switzerland,Italian-German,Giorgio,1958
Jean Philippe,France,French,Oui Oui Oui Oui,1959
Birthe Wilke,Denmark,Danish,Uh Jeg Ville Onske Jeg Var Dig,1959
Domenico Modugno,Italy,Italian,Piove,1959
Jacques Pills,Monaco,French,Mon Ami Pierrot,1959
Teddy Scholten,Netherlands,Dutch,Een Beetje,1959
Alice & Ellen Kessler,Germany,German,Heute Abend Woll'n Wir Tanzen Geh'n,1959
Brita Borg,Sweden,Swedish,Augustin,1959
Christa Williams,Switzerland,German,Irgendwoher,1959
Ferry Graf,Austria,German,Der K Und K Kalypso Aus Wien,1959
Pearl Carr & Teddy Johnson,United Kingdom,English,Sing Little Birdie,1959
Bob Benny,Belgium,Dutch,Hou Toch Van Mij,1959
Bryan Johnson,United Kingdom,English,"Looking High, High, High",1960
Siw Malmkvist,Sweden,Swedish,Alla Andra Får Varann,1960
Camillo Felgen,Luxembourg,Letzeburgisch,So Laang We's Du Do Bast,1960
Katy Bødtger,Denmark,Danish,Det Var En Yndig Tid,1960
Fud Leclerc,Belgium,French,Mon Amour Pour Toi,1960
Nora Brockstedt,Norway,Norwegian,Voi Voi,1960
Harry Winter,Austria,German,Du Hast Mich So Fasziniert,1960
François Deguelt,Monaco,French,Ce Soir-là,1960
Anita Traversi,Switzerland,Italian,Cielo E Terra,1960
Rudi Carrell,Netherlands,Dutch,Wat Een Geluk,1960
Wyn Hoop,Germany,French,"Bonne Nuit, Ma Cherie",1960
Renato Rascel,Italy,Italian,Romantica,1960
Jacqueline Boyer,France,French,Tom Pillibi,1960
Conchita Bautista,Spain,Spanish,Estando Contigo,1961
Colette Deréal,Monaco,French,"Allons, Allons Les Enfants",1961
Jimmy Makulis,Austria,German,Sehnsucht,1961
Laila Kinnunen,Finland,Finnish,Valoa Ikkunassa,1961
Ljiljana Petrović,Yugoslavia,Serbian,Neke Davne Zvezde,1961
Greetje Kauffeld,Netherlands,Dutch,Wat Een Dag,1961
Lill-Babs,Sweden,Swedish,"April, April",1961
Lale Andersen,Germany,German,Einmal Sehen Wir Uns Wieder,1961
Jean-Paul Mauric,France,French,"Printemps, avril carillonne",1961
Franca di Rienzo,Switzerland,French,Nous Aurons Demain,1961
Bob Benny,Belgium,Dutch,"September, Gouden Roos",1961
Nora Brockstedt,Norway,Norwegian,Sommer I Palma,1961
Dario Campeotto,Denmark,Danish,Angelique,1961
Jean-Claude Pascal,Luxembourg,French,Nous Les Amoureux,1961
The Allisons,United Kingdom,English,Are You Sure?,1961
Betty Curtis,Italy,Italian,Al Di Là,1961
Marion Rung,Finland,Finnish,Tipi-tii,1962
Fud Leclerc,Belgium,French,Ton Nom,1962
Victor Balaguer,Spain,Spanish,Llámame,1962
Eleonore Schwarz,Austria,German,Nur In Der Wiener Luft,1962
Ellen Winther,Denmark,Danish,Vuggevise,1962
Inger Berggren,Sweden,Swedish,Sol Och Vår,1962
Conny Froboess,Germany,German,Zwei Kleiner Italiener,1962
De Spelbrekers,Netherlands,Dutch,Katinka,1962
Isabelle Aubret,France,French,Un Premier Amour,1962
Inger Jacobsen,Norway,Norwegian,"Kom Sol, Kom Regn",1962
Jean Philippe,Switzerland,French,Le Retour,1962
Lola Novaković,Yugoslavia,Serbian,Ne Pali Svetla U Sumrak,1962
Ronnie Carroll,United Kingdom,English,Ring-A-Ding Girl,1962
Camillo Felgen,Luxembourg,French,Petit Bonhomme,1962
Claudio Villa,Italy,Italian,"Addio, Addio",1962
François Deguelt,Monaco,French,Dis Rien,1962
Ronnie Carroll,United Kingdom,English,Say Wonderful Things,1963
Annie Palmen,Netherlands,Dutch,Speeldoos,1963
Heidi Brühl,Germany,German,Marcel,1963
Carmela Corren,Austria,German-English,Vielleicht Geschieht Ein Wunder,1963
Anita Thallaug,Norway,Norwegian,Solherv,1963
Emilio Pericoli,Italy,Italian,Uno Per Tutte,1963
Laila Halme,Finland,Finnish,Muistojeni Laulu,1963
Grethe & Jørgen Ingmann,Denmark,Danish,Dansevise,1963
Vice Vukov,Yugoslavia,Croatian,Brodovi,1963
Esther Ofarim,Switzerland,French,T'en Va Pas,1963
Alain Barrière,France,French,Elle Était Si Jolie,1963
José Guardiola,Spain,Spanish,Algo Prodigioso,1963
Monica Zetterlund,Sweden,Swedish,En Gång I Stockholm,1963
Jacques Raymond,Belgium,Dutch,Waarom?,1963
Françoise Hardy,Monaco,French,L'amour S'en Va,1963
Nana Mouskouri,Luxembourg,French,A Force De Prier,1963
Hugues Aufray,Luxembourg,French,Dès Que Le Printemps Revient,1964
Anneke Grönloh,Netherlands,Dutch,Jij Bent Mijn Leven,1964
Arne Bendiksen,Norway,Norwegian,Spiral,1964
Bjørn Tidmand,Denmark,Danish,Sangen Om Dig,1964
Lasse Mårtenson,Finland,Finnish,Laiskotellen,1964
Udo Jürgens,Austria,German,"Warum Nur, Warum?",1964
Rachel,France,French,Chant De Mallory,1964
Matt Monro,United Kingdom,English,I Love The Little Things,1964
Nora Nova,Germany,German,Man Gewöhnt Sich So Schnell An Das Schöne,1964
Romuald,Monaco,French,Ou Sont-elles Passees?,1964
António Calvário,Portugal,Portuguese,Oração,1964
Gigliola Cinquetti,Italy,Italian,Non Ho L'età,1964
Sabahudin Kurt,Yugoslavia,Bosnian,Zivot Je Sklopio Krug,1964
Anita Traversi,Switzerland,Italian,I Miei Pensieri,1964
Robert Cogoi,Belgium,French,Près De Ma Rivière,1964
"Nelly, Tim & Tony (Los TNT)",Spain,Spanish,Caracola,1964
Conny Van Den Bos,Netherlands,Dutch,'t Is Genoeg,1965
Kathy Kirby,United Kingdom,English,I Belong,1965
Conchita Bautista,Spain,Spanish,"Qué Bueno, Que Bueno",1965
Butch Moore,Ireland,English,I'm Walking The Streets In The Rain,1965
Ulla Wiesner,Germany,German,"Paradies, Wo Bist Du?",1965
Udo Jürgens,Austria,German,"Sag Ihr, Ich Lass Sie Grüssen",1965
Kirsti Sparboe,Norway,Norwegian,Karusell,1965
Lize Marke,Belgium,Dutch,Als Het Weer Lente Is,1965
Marjorie Noël,Monaco,French,Va Dire À l'Amour,1965
Ingvar Wixell,Sweden,Swedish,Absent Friend,1965
Guy Mardel,France,French,N'avoue Jamais,1965
Simone de Oliveira,Portugal,Portuguese,Sol De Inverno,1965
Bobby Solo,Italy,Italian,"Se Piangi, Se Ridi",1965
Birgit Brüel,Denmark,Danish,For Din Skyld,1965
France Gall,Luxembourg,French,"Poupée De Cire, Poupée De Son",1965
Viktor Klimenko,Finland,Finnish,Aurinko Laskee Lånteen,1965
Vice Vukov,Yugoslavia,Croatian,Cežnja,1965
Yovanna,Switzerland,French,Non A Jamais Sans Toi,1965
Margot Eskens,Germany,German,Die Zeiger Der Uhr,1966
Ulla Pia,Denmark,Danish,"Stop, Mens Legen Er Go",1966
Tonia,Belgium,French,"Un Peu De Poivre, Un Peu De Sel",1966
Michèle Torr,Luxembourg,French,Ce Soir Je T'attendais,1966
Berta Ambrož,Yugoslavia,Slovenian,Brez Besed,1966
Åse Kleveland,Norway,Norwegian,Intet Er Nytt Under Solen,1966
Ann Christine Nyström,Finland,Finnish,Playboy,1966
Madalena Iglésias,Portugal,Portuguese,Ele E Ela,1966
Udo Jürgens,Austria,German,Merci Chérie,1966
Lill Lindfors & Svante Thuresson,Sweden,Swedish,Nygammal Vals,1966
Raphael,Spain,Spanish,Yo Soy Aquél,1966
Madeleine Pascal,Switzerland,French,Ne Vois-Tu Pas?,1966
Tereza Kesovija,Monaco,French,Bien Plus Fort,1966
Domenico Modugno,Italy,Italian,Dio Come Ti Amo,1966
Dominique Walter,France,French,Chez Nous,1966
Milly Scott,Netherlands,Dutch,Fernando & Philippo,1966
Dickie Rock,Ireland,English,Come Back To Stay,1966
Kenneth McKellar,United Kingdom,English,A Man Without Love,1966
Thérèse Steinmetz,Netherlands,Dutch,Ringe Ding,1967
Vicky Leandros,Luxembourg,French,L'amour Est Bleu,1967
Peter Horten,Austria,German,Warum Es Hunderttausend Sterne Gibt,1967
Noëlle Cordier,France,French,Il Doit Faire Beau La-bas,1967
Eduardo Nascimento,Portugal,Portuguese,O Vento Mudou,1967
Géraldine,Switzerland,French,Quel Coeur Vas-tu Briser?,1967
Östen Warnerbring,Sweden,Swedish,Som En Dröm,1967
Fredi,Finland,Finnish,Varjoon-suojaan,1967
Inge Brück,Germany,German,Anouschka,1967
Louis Neefs,Belgium,Dutch,"Oh, Oh Ik Heb Zorgen",1967
Sandie Shaw,United Kingdom,English,Puppet On A String,1967
Raphael,Spain,Spanish,Hablemos Del Amor,1967
Kirsti Sparboe,Norway,Norwegian,Dukkemann,1967
Minouche Barelli,Monaco,French,Boum Badaboum,1967
Lado Leskovar,Yugoslavia,Slovenian,Vse Rože Sveta,1967
Claudio Villa,Italy,Italian,Non Andare Più Lontano,1967
Sean Dunphy,Ireland,English,If I Could Choose,1967
Carlos Mendes,Portugal,Portuguese,Verão,1968
Ronnie Tober,Netherlands,Dutch,Morgen,1968
Claude Lombard,Belgium,French,Quand Tu Reviendras,1968
Karel Gott,Austria,German,Tausend Fenster,1968
Chris Baldo & Sophie Garel,Luxembourg,French,Nous Vivrons D'amour,1968
Gianni Mascolo,Switzerland,Italian,Guardando Il Sole,1968
Line & Willy,Monaco,French,A Chacun Sa Chanson,1968
Claes-Göran Hederström,Sweden,Swedish,Det Börjar Verka Kärlek Banne Mej,1968
Kristina Hautala,Finland,Finnish,Kun Kello Käy,1968
Isabelle Aubret,France,French,La Source,1968
Sergio Endrigo,Italy,Italian,Marianne,1968
Cliff Richard,United Kingdom,English,Congratulations,1968
Odd Børre,Norway,Norwegian,Stress,1968
Pat McGeegan,Ireland,English,Chance Of A Lifetime,1968
Massiel,Spain,Spanish,La La La,1968
Wencke Myhre,Germany,German,Ein Hoch Der Liebe,1968
Luci Kapurso & Hamo Hajdarhodzic,Yugoslavia,Croatian,Jedan Dan,1968
Ivan,Yugoslavia,Croatian,Pozdrav Svijetu,1969
Romuald,Luxembourg,French,Catherine,1969
Salomé,Spain,Spanish,Vivo Cantando,1969
Jean-Jacques,Monaco,French,"Maman, Maman",1969
Muriel Day & the Lindsays,Ireland,English,The Wages Of Love,1969
Iva Zanicchi,Italy,Italian,Due Grosse Lacrime Bianche,1969
Lulu,United Kingdom,English,Boom Bang-a-bang,1969
Lenny Kuhr,Netherlands,Dutch,De Troubadour,1969
Tommy Körberg,Sweden,Swedish,Judy Min Vän,1969
Louis Neefs,Belgium,Dutch,Jennifer Jennings,1969
Paola del Medico,Switzerland,German,"Bonjour, Bonjour",1969
Kirsti Sparboe,Norway,Norwegian,"Oj, Oj, Oj, Sa Glad Jeg Skal Bli",1969
Siw Malmkvist,Germany,German,Primaballerina,1969
Frida Boccara,France,French,"Un Jour, Un Enfant",1969
Simone de Oliveira,Portugal,Portuguese,Desfolhada Portuguêsa,1969
Jarkko & Laura,Finland,Finnish,Kuin Silloin Ennen,1969
The Hearts Of Soul,Netherlands,Dutch,Waterman,1970
Henri Dès,Switzerland,French,Retour,1970
Gianni Morandi,Italy,Italian,Occhi Di Ragazza,1970
Eva Sršen,Yugoslavia,Slovenian,"Pridi, Dala Ti Bom Cvet",1970
Jean Vallée,Belgium,French,Viens L'oublier,1970
Guy Bonnet,France,French,Marie Blanche,1970
Mary Hopkin,United Kingdom,English,"Knock,  Knock Who's There?",1970
David-Alexandre Winter,Luxembourg,French,Je Suis Tombé Du Ciel,1970
Julio Iglesias,Spain,Spanish,Gwendolyne,1970
Dominique Dussault,Monaco,French,Marlène,1970
Katja Ebstein,Germany,German,Wunder Gibt Es Immer Wieder,1970
Dana,Ireland,English,All Kinds Of Everything,1970
Marianne Mendt,Austria,German - Viennese,Musik,1971
Joe Grech,Malta,Maltese,Marija L-maltija,1971
Séverine,Monaco,French,"Un Banc, Un Arbre, Une Rue",1971
"Peter, Sue & Marc",Switzerland,French,Les Illusions De Nos Vingt Ans,1971
Katja Ebstein,Germany,German,Diese Welt,1971
Karina,Spain,Spanish,En Un Mundo Nuevo,1971
Serge Lama,France,French,Un Jardin Sur La Terre,1971
Monique Melsen,Luxembourg,French,"Pomme, Pomme, Pomme",1971
Clodagh Rodgers,United Kingdom,English,Jack In The Box,1971
Lily Castel & Jacques Raymond,Belgium,Dutch,"Goeie Morgen, Morgen",1971
Massimo Ranieri,Italy,Italian,L'amore E Un Attimo,1971
Family Four,Sweden,Swedish,Vita Vidder,1971
Angela Farrell,Ireland,English,One Day Love,1971
Saskia & Serge,Netherlands,Dutch,De Tijd,1971
Tonicha,Portugal,Portuguese,Menina,1971
Krunoslav Slabinac,Yugoslavia,Croatian,Tvoj Dječak Je Tužan,1971
Markku Aro & Koivisto sisters,Finland,Finnish,Tie Uuteen Paivaan,1971
Hanne Krogh,Norway,Norwegian,Lykken Er ...,1971
Mary Roos,Germany,German,Nur Die Liebe Lässt Uns Leben,1972
Betty Mars,France,French,Come Comédie,1972
Sandie Jones,Ireland,Irish-Gaelic,Ceol An Ghra,1972
Jaime Morey,Spain,Spanish,Amanece,1972
The New seekers,United Kingdom,English,"Beg, Steal Or Borrow",1972
Grethe Kausland & Benny Borg,Norway,Norwegian,Småting,1972
Carlos Mendes,Portugal,Portuguese,A Festa Da Vida,1972
Véronique Müller,Switzerland,French,C'est La Chanson De Mon Amour,1972
Helen & Joseph,Malta,Maltese,L-imhabba,1972
Päivi Paunu & Kim Floor,Finland,Finnish,Muistathan,1972
Milestones,Austria,German,Falter Im Wind,1972
Nicola di Bari,Italy,Italian,I Giorni Dell' Arcobaleno,1972
Tereza,Yugoslavia,Croatian,Musika I Ti,1972
Family Four,Sweden,Swedish,Härliga Sommardag,1972
Anne-Marie Godart & Peter McLane,Monaco,French,Comme On S'aime,1972
Serge & Christine Ghisoland,Belgium,French,A La Folie Ou Pas Du Tout,1972
Vicky Leandros,Luxembourg,French,Après Toi,1972
Sandra & Andres,Netherlands,Dutch,Als Het Om De Liefde Gaat,1972
Marion Rung,Finland,English,Tom Tom Tom,1973
Nicole & Hugo,Belgium,Dutch,Baby Baby,1973
Fernando Tordo,Portugal,Portuguese,Tourada,1973
Gitte,Germany,German,Junger Tag,1973
Bendik Singers,Norway,English-French,It's Just A Game,1973
Marie,Monaco,French,Un Train Qui Part,1973
Mocedades,Spain,Spanish,Eres Tú,1973
Patrick Juvet,Switzerland,French,"Je Vais Me Marier, Marie",1973
Zdravko Čolić,Yugoslavia,Bosnian,Gori Vatra,1973
Massimo Ranieri,Italy,Italian,Chi Sarà Con Te,1973
Anne-Marie David,Luxembourg,French,Tu Te Reconnaîtras,1973
Nova & the Dolls,Sweden,English,You're Summer,1973
Ben Cramer,Netherlands,Dutch,De Oude Muzikant,1973
Maxi,Ireland,English,Do I Dream?,1973
Cliff Richard,United Kingdom,English,Power To All Our Friends,1973
Martine Clémenceau,France,French,Sans Toi,1973
Ilanit | אילנית,Israel,Hebrew,Ei Sham | אי שם,1973
Carita,Finland,English,Keep Me Warm,1974
Olivia Newton-John,United Kingdom,English,Long Live Love,1974
Peret,Spain,Spanish,Canta Y Se Feliz,1974
Anne-Karine Strøm & the Bendik Singers,Norway,English,The First Day Of Love,1974
Marinella | Μαρινέλλα,Greece,Greek,"Krassi, Thalassa Ke T'agori Mou | Κρασί, θάλασσα και τ'αγόρι μου",1974
Poogy | כוורת,Israel,Hebrew,Natati La Cha'yay | נתתי לה חיי,1974
Korni Grupa,Yugoslavia,Serbian,Moja Generacija,1974
Abba,Sweden,English,Waterloo,1974
Ireen Sheer,Luxembourg,French,Bye Bye I Love You,1974
Romuald,Monaco,French,Celui Qui Reste Et Celui Qui S'en Va,1974
Jacques Hustin,Belgium,French,Fleur De Liberté,1974
Mouth & MacNeal,Netherlands,English,I See A Star,1974
Tina,Ireland,English,Cross Your Heart,1974
Cindy & Bert,Germany,German,Die Sommermelodie,1974
Piera Martell,Switzerland,German,Mein Ruf Nach Dir,1974
Paulo de Carvalho,Portugal,Portuguese,E Depois Do Adeus,1974
Gigliola Cinquetti,Italy,Italian,Sì,1974
Teach-In,Netherlands,English,Ding-a-dong,1975
The Swarbriggs,Ireland,English,That's What Friends Are For,1975
Nicole Rieu,France,French,Et Bonjour A Toi L' Artiste,1975
Joy Fleming,Germany,German,Ein Lied Kann Eine Brücke Sein,1975
Géraldine,Luxembourg,French,Toi,1975
Ellen Nikolaysen,Norway,English,Touch My Life With Summer,1975
Simone Drexel,Switzerland,German,Mikado,1975
Pepel in kri,Yugoslavia,Slovenian,Dan Ljubezni,1975
The Shadows,United Kingdom,English,Let Me Be The One,1975
Renato,Malta,English,Singing This Song,1975
Ann Christy,Belgium,Dutch,Gelukkig Zijn,1975
Shlomo Artzi | שלמה ארצי,Israel,Hebrew,At Ve' Ani | את ואני,1975
Semiha Yanki,Turkey,Turkish,Seninle Bir Dakita,1975
Sophie,Monaco,French,Une Chanson C'est Une Lettre,1975
Pihasoittajat,Finland,English,Old Man Fiddle,1975
Duarte Mendes,Portugal,Portuguese,Madrugada,1975
Sergio y Estíbaliz,Spain,Spanish,Tú Volveras,1975
Lars Berghagen,Sweden,English,"Jennie, Jennie",1975
Wess & Dori Ghezzi,Italy,Italian,Era,1975
Brotherhood of Man,United Kingdom,English,Save Your Kisses For Me,1976
"Peter, Sue & Marc",Switzerland,English,"Djambo, Djambo",1976
Les Humphries Singers,Germany,German,"Sing, Sang, Song",1976
"Chocolate, Menta, Mastik | שוקולד מנטה מסטיק",Israel,Hebrew,Emor Shalom | אמור שלום,1976
Jürgen Marcus,Luxembourg,French,Chansons Pour Ceux Qui S'aiment,1976
Pierre Rapsat,Belgium,French,Judy Et Cie,1976
Red Hurley,Ireland,English,When,1976
Sandra Reemer,Netherlands,English,The Party's Over,1976
Anne-Karine Strøm,Norway,English,Mata Hari,1976
Mariza Koch | Μαρίζα Κωχ,Greece,Greek,"Panaghia Mou, Panaghia Mou | Παναγιά μου, Παναγιά μου",1976
Fredi & Friends,Finland,English,Pump Pump,1976
Braulio,Spain,Spanish,Sobran Las Palabras,1976
Al Bano & Romina Power,Italy,Italian-English,We'll Live It All Again (Lo Rivivrei),1976
Waterloo & Robinson,Austria,English,My Little World,1976
Carlos do Carmo,Portugal,Portuguese,Uma Flor De Verde Pinho,1976
Mary Christy,Monaco,French,"Toi, La Musique Et Moi",1976
Catherine Ferry,France,French,"Un, Deux, Trois",1976
Ambasadori,Yugoslavia,Bosnian,Ne Mogu Skriti Svoju Bol,1976
The Swarbriggs Plus Two,Ireland,English,It's Nice To Be In Love Again,1977
Michèle Torr,Monaco,French,Une Petite Française,1977
Heddy Lester,Netherlands,Dutch,De Mallemolen,1977
Schmetterlinge,Austria,German,Boom Boom Boomerang,1977
Anita Skorgan,Norway,Norwegian,Casanova,1977
Silver Convention,Germany,German,Telegram,1977
Anne-Marie B,Luxembourg,French,Frère Jacques,1977
Os Amigos,Portugal,Portuguese,Portugal No Coração,1977
Lynsey de Paul & Mike Moran,United Kingdom,English,Rock Bottom,1977
"Pascalis, Marianna, Robert & Bessy | Πασχάλης, Μαριάννα, Ρόμπερτ & Μπέσσυ",Greece,Greek,Mathema Solfege | Μάθημα σολφέζ,1977
Ilanit | אילנית,Israel,Hebrew,Ha'ava Hi Shir Lishnayim | אהבה היא שיר לשניים,1977
Pepe Lienhard Band,Switzerland,German,Swiss Lady,1977
Forbes,Sweden,Swedish,Beatles,1977
Micky,Spain,Spanish,Enséname A Cantar,1977
Mia Martini,Italy,Italian,Libera,1977
Monica Aspelund,Finland,Finnish,Lapponia,1977
Dream Express,Belgium,English,"A Million In One, Two, Three",1977
Marie Myriam,France,French,L'oiseau Et L'enfant,1977
Colm T. Wilkinson,Ireland,English,Born To Sing,1978
Jahn Teigen,Norway,Norwegian,Mil Etter Mil,1978
Ricchi e Poveri,Italy,Italian,Questo Amore,1978
Seija Simola,Finland,Finnish,Anna Rakkaudelle Tilaisuus,1978
Gemini,Portugal,Portuguese,Dai Li Dou,1978
Joël Prévost,France,French,Il Y Aura Toujours Des Violons,1978
José Vélez,Spain,Spanish,Bailemos Un Vals,1978
Co-Co,United Kingdom,English,The Bad Old Days,1978
Carole Vinci,Switzerland,French,Vivre,1978
Jean Vallée,Belgium,French,L'amour Ca Fait Chanter La Vie,1978
Harmony,Netherlands,Dutch,'t Is Ok,1978
Nazar,Turkey,Turkish,Sevince,1978
Ireen Sheer,Germany,German,Feuer,1978
Caline & Olivier Toussaint,Monaco,French,Les Jardins De Monaco,1978
Tania Tsanaklidou | Τάνια Τσανακλίδου,Greece,Greek,Charlie Chaplin | Τσάρλι Τσάπλιν,1978
Mabel,Denmark,Danish,Boom Boom,1978
Baccara,Luxembourg,French,Parlez-vous Français,1978
Izhar Cohen & the Alphabeta | יזהר כהן,Israel,Hebrew,A-Ba-Ni-Bi | אבניבי,1978
Springtime,Austria,German,Mrs.  Caroline Robinson,1978
Björn Skifs,Sweden,Swedish,Det Blir Alltid Värre Framat Natten,1978
Manuela Bravo,Portugal,Portuguese,"Sobe, Sobe Balão Sobe",1979
Matia Bazar,Italy,Italian,Raggio Di Luna,1979
Tommy Seebach,Denmark,Danish,Disco Tango,1979
Cathal Dunne,Ireland,English,Happy Man,1979
Katri Helena,Finland,Finnish,Katson Sineen Taivaan,1979
Laurent Vaguener,Monaco,French,"Notre Vie, C'est La Musique",1979
Elpida | Ελπίδα,Greece,Greek,Socrates | Σωκράτης,1979
"Peter, Sue & Marc and Pfuri, Gorps & Kniri",Switzerland,German,Trödler Und Co,1979
Dschingis Khan,Germany,German,Dschingis Khan,1979
Milk & Honey | גלי עטרי וחלב ודבש,Israel,Hebrew,Hallelujah | הללויה,1979
Anne-Marie David,France,French,Je Suis L'enfant Soleil,1979
Micha Marah,Belgium,Dutch,Hey Nana,1979
Jeane Manson,Luxembourg,French,J'ai Déjà Vu Ça Dans Tes Yeux,1979
Xandra,Netherlands,Dutch,Colorado,1979
Ted Gärdestad,Sweden,Swedish,Satellit,1979
Anita Skorgan,Norway,Norwegian,Oliver,1979
Black Lace,United Kingdom,English,Mary Ann,1979
Christina Simon,Austria,German,Heute In Jerusalem,1979
Betty Missiego,Spain,Spanish,Su Canción,1979
Blue Danube,Austria,German,Du Bist Musik,1980
Ajda Pekkan,Turkey,Turkish,Petr'oil,1980
Anna Vissi | Αννα Βίσση,Greece,Greek,Autostop | Ωτοστόπ,1980
Sophie & Magaly,Luxembourg,French,Le Papa Pingouin,1980
Samira Ben Saïd | سميرة سعيد,Morocco,Arabic,Bitakat Hob | بطاقة حب,1980
Alan Sorrenti,Italy,Italian,Non So Che Darei,1980
Bamses Venner,Denmark,Danish,Tænker Altid På Dig,1980
Tomas Ledin,Sweden,Swedish,Just Nu,1980
Paola del Medico,Switzerland,French,Cinéma,1980
Vesa-Matti Loiri,Finland,Finnish,Huilumies,1980
Sverre Kjellsberg & Mattis Hætta,Norway,Norwegian,Sámiid Ædnan,1980
Katja Ebstein,Germany,German,Theater,1980
Prima Donna,United Kingdom,English,Love Enough For Two,1980
José Cid,Portugal,Portuguese,"Um Grande, Grande Amor",1980
Maggie MacNeal,Netherlands,Dutch,Amsterdam,1980
Profil,France,French,"He, He, M'sieurs Dames",1980
Johnny Logan,Ireland,English,What's Another Year?,1980
Trigo limpio,Spain,Spanish,Quédate Esta Noche,1980
Telex,Belgium,French,Eurovision,1980
Marty Brem,Austria,German,Wenn Du Da Bist,1981
Modern folk trio & Aysegül,Turkey,Turkish,Dönme Dolap,1981
Lena Valaitis,Germany,German,Johnny Blue,1981
Jean-Claude Pascal,Luxembourg,French,C'est Peut-être Pas L'Amérique,1981
Hakol Over Habibi | כל עובר חביבי,Israel,Hebrew,Layla | הלילה,1981
Debbie Cameron & Tommy Seebach,Denmark,Danish,Krøller Eller Ej,1981
Seid Memic Vajta,Yugoslavia,Bosnian,Leila,1981
Riki Sorsa,Finland,Finnish,Reggae Ok,1981
Jean Gabilou,France,French,Humanahum,1981
Bacchelli,Spain,Spanish,Y Sólo Tú,1981
Linda Williams,Netherlands,Dutch,Het Is Een Wonder,1981
Sheeba,Ireland,English,Horoscopes,1981
Finn Kalvik,Norway,Norwegian,Aldri I Livet,1981
Bucks Fizz,United Kingdom,English,Making Your Mind Up,1981
Carlos Paião,Portugal,Portuguese,Play Back,1981
Emly Starr,Belgium,Dutch,Samson,1981
Yiannis Dimitras | Γιάννης Δημητράς,Greece,Greek,Feggari Kalokerino | Φεγγάρι καλοκαιρινό,1981
Island,Cyprus,Greek,Monika | Μόνικα,1981
"Peter, Sue & Marc",Switzerland,Italian,Io Senza Te,1981
Björn Skifs,Sweden,Swedish,Fångad I En Dröm,1981
Doce,Portugal,Portuguese,Bem Bom,1982
Svetlana,Luxembourg,French,Cours Après Le Temps,1982
Jahn Teigen & Anita Skorgan,Norway,Norwegian,Adieu,1982
Bardo,United Kingdom,English,One Step Further,1982
Neco,Turkey,Turkish,Hani,1982
Kojo,Finland,Finnish,Nuka Pommiin,1982
Arlette Zola,Switzerland,French,Amour On T'aime,1982
Anna Vissi | Αννα Βίσση,Cyprus,Greek,Mono I Agapi | Μόνο ή αγάπη,1982
Chips,Sweden,Swedish,Dag Efter Dag,1982
Mess,Austria,German,Sonntag,1982
Stella,Belgium,French,Si Tu Aimes La Musique,1982
Lucía,Spain,Spanish,El,1982
Brixx,Denmark,Danish,Video Video,1982
Aska,Yugoslavia,Serbian,Halo Halo,1982
Avi Toledano | אבי טולדנו,Israel,Hebrew,Hora | הורה,1982
Bill van Dijk,Netherlands,Dutch,Jij En Ik,1982
The Duskeys,Ireland,English,"Here Today, Gone Tomorrow",1982
Nicole,Germany,German,Ein Bisschen Frieden,1982
Guy Bonnet,France,French,Vivre,1983
Jahn Teigen,Norway,Norwegian,Do Re Mi,1983
Sweet Dreams,United Kingdom,English,I'm Never Giving Up,1983
Carola Häggkvist,Sweden,Swedish,Främling,1983
Riccardo Fogli,Italy,Italian,Per Lucia,1983
Çetin Alp & the Short wave,Turkey,Turkish,Opera,1983
Remedios Amaya,Spain,Spanish,Quién Maneja Mi Barca,1983
Mariella Farré,Switzerland,Italian,Io Così Non Ci Sto,1983
Ami Aspelund,Finland,Finnish,Fantasiaa,1983
Christie | Κρίστη Στασινοπούλου,Greece,Greek,Mou Les | Μου λες,1983
Bernadette,Netherlands,Dutch,Sing Me A Song,1983
Danijel,Yugoslavia,Croatian,Džuli,1983
Stavros & Constantina | Σταύρος & Κωνσταντίνα,Cyprus,Greek,I Agapi Akoma Zi | Η αγάπη ακόμα ζει,1983
Hoffmann & Hoffmann,Germany,German,Rücksicht,1983
Gry Johansen,Denmark,Danish,Kloden Drejer,1983
Ofra Haza | עפרה חזה,Israel,Hebrew,Hi | חי,1983
Armando Gama,Portugal,Portuguese,Esta Balada Que Te Dou,1983
Westend,Austria,German,Hurricane,1983
Pas De Deux,Belgium,Dutch,Rendez-Vous,1983
Corinne Hermès,Luxembourg,French,Si La Vie Est Cadeau,1983
Herrey's,Sweden,Swedish,Diggi-loo Diggi-ley,1984
Sophie Carle,Luxembourg,French,100% d'Amour,1984
Annick Thoumazeau,France,French,Autant D'amoureux Que D'etoiles,1984
Bravo,Spain,Spanish,Lady Lady,1984
Dollie de Luxe,Norway,Norwegian,Lenge Leve Livet,1984
Belle & the Devotions,United Kingdom,English,Love Games,1984
Andy Paul,Cyprus,Greek,Anna Maria Lena,1984
Jacques Zegers,Belgium,French,Avanti La Vie,1984
Linda Martin,Ireland,English,Terminal 3,1984
Hot Eyes,Denmark,Danish,Det' Lige Det,1984
Maribelle,Netherlands,Dutch,Ik Hou Van Jou,1984
Vlado & Isolda,Yugoslavia,Serbo-Croat,Ciao Amore,1984
Anita,Austria,German,Einfach Weg,1984
Mary Roos,Germany,German,Aufrecht Geh'n,1984
"Beş Yıl Önce, On Yıl Sonra",Turkey,Turkish,Halay,1984
Kirka,Finland,Finnish,Hengaillaan,1984
Rainy Day,Switzerland,German,Welche Farbe Hat Der Sonnenschein,1984
Alice & Battiato,Italy,Italian,I Treni Di Tozeur,1984
Maria Guinot,Portugal,Portuguese,Silêncio E Tanta Gente,1984
Maria Christian,Ireland,English,Wait Until The Weekend Comes,1985
Sonja Lumme,Finland,Finnish,Eläköön Elämä,1985
Lia Vissi | Λία Βίσση,Cyprus,Greek,To Katalava Arga | Το κατάλαβα αργά,1985
Hot Eyes,Denmark,Danish,Sku' Du Spør Fra No'en,1985
Paloma San Basilio,Spain,Spanish,La Fiesta Terminó,1985
Roger Bens,France,French,Femme Dans Ses Rêves Aussi,1985
MFÖ,Turkey,Turkish,Didai Didai Dai,1985
Linda Lepomme,Belgium,Dutch,Laat Me Nu Gaan,1985
Adelaide Ferreira,Portugal,Portuguese,"Penso Em Ti, Eu Sei",1985
Wind,Germany,German,Für Alle,1985
Izhar Cohen | יזהר כהן,Israel,Hebrew,Olé Olé | עולה עולה,1985
Al Bano & Romina Power,Italy,Italian,"Magic, Oh Magic",1985
Bobbysocks,Norway,Norwegian,La Det Swinge,1985
Vikki,United Kingdom,English,Love Is,1985
Mariella Farré & Pino Gasparini,Switzerland,German,"Piano, Piano",1985
Kikki Danielsson,Sweden,Swedish,Bra Vibrationer,1985
Gary Lux,Austria,German,Kinder Dieser Welt,1985
"Ireen Sheer, Margo, Franck Olivier, Chris Roberts, Malcolm Roberts, Diane Solomon",Luxembourg,French,"Children, Kinder, Enfants",1985
Takis Biniaris | Τάκης Μπινιάρης,Greece,Greek,Miazoume | Μοιάζουμε,1985
Sherisse Laurence,Luxembourg,French,L'amour De Ma Vie,1986
Doris Dragovic,Yugoslavia,Croatian,Zeljo Moja,1986
Cocktail Chic,France,French,Européennes,1986
Ketil Stokkan,Norway,Norwegian,Romeo,1986
Ryder,United Kingdom,English,Runner In The Night,1986
Icy,Iceland,Icelandic,Gledibankinn,1986
Frizzle Sizzle,Netherlands,Dutch,Alles Heeft Ritme,1986
Klips Ve Onlar,Turkey,Turkish,Halley,1986
Cadillac,Spain,Spanish,Valentino,1986
Daniela Simons,Switzerland,French,Pas Pour Moi,1986
Moti Giladi & Sarai Tzuriel | מוטי גילעדי ושרי צוריאל,Israel,Hebrew,Yavoh Yom | יבוא יום,1986
Luv Bug,Ireland,English,You Can Count On Me,1986
Sandra Kim,Belgium,French,J'aime La Vie,1986
Ingrid Peters,Germany,German,Über Die Brücke Geh'n,1986
Elpida | Ελπίδα,Cyprus,Greek,Tora Zo | τώρα ζω,1986
Timna Brauer,Austria,German,Die Zeit Ist Einsam,1986
Lasse Holm & Monica Törnell,Sweden,Swedish,E' De' Det Här Du Kallar Kärlek?,1986
Trax,Denmark,Danish,Du Er Fuld Af Løgn,1986
Kari Kuivalainen,Finland,Finnish,Paiva Kahden Ihmisen,1986
Dora,Portugal,Portuguese,Não Sejas Mau P'ra Mim,1986
Kate Gulbrandsen,Norway,Norwegian,Mitt Liv,1987
Datner & Kushnir | הבטלנים,Israel,Hebrew,Shir Habatlanim | שיר הבטלנים,1987
Gary Lux,Austria,German,Nur Noch Gefühl,1987
Halla Margarét,Iceland,Icelandic,Hægt Og Hljótt,1987
Liliane Saint-Pierre,Belgium,Dutch,Soldiers Of Love,1987
Lotta Engberg,Sweden,Swedish,Boogaloo,1987
Umberto Tozzi & Raf,Italy,Italian,Gente Di Mare,1987
Nevada,Portugal,Portuguese,Neste Barco A Vela,1987
Patricia Kraus,Spain,Spanish,No Estás Solo,1987
Seyyal Taner & Grup Lokomotif,Turkey,Turkish,Sarkim Sevgi Üstüne,1987
Bang,Greece,Greek,Stop | Στοπ,1987
Marcha,Netherlands,Dutch,Rechtop In De Wind,1987
Plastic Bertrand,Luxembourg,French,"Amour, Amour",1987
Rikki,United Kingdom,English,Only The Light,1987
Christine Minier,France,French,Les Mots D'amour N'ont Pas De Dimanche,1987
Wind,Germany,German,Lass Die Sonne In Dein Herz,1987
Alexia | Αλέξια,Cyprus,Greek,Aspro Mavro | Aσπρο μαύρο,1987
Vicky Rosti,Finland,Finnish,Sata Salamaa,1987
Anne-Cathrine Herdorf & Bandjo,Denmark,Danish,En Lille Melodi,1987
Johnny Logan,Ireland,English,Hold Me Now,1987
Novi Fosili,Yugoslavia,Croatian,Ja Sam Za Ples,1987
Carol Rich,Switzerland,French,Moitié-Moitié,1987
Beathoven,Iceland,Icelandic,Sókrates,1988
Tommy Körberg,Sweden,Swedish,Stad I Ljus,1988
Boulevard,Finland,Finnish,Nauravat Silmat Muistetaan,1988
Scott Fitzgerald,United Kingdom,English,Go,1988
MFÖ,Turkey,Turkish,Sufi,1988
La Década,Spain,Spanish,Made In Spain (La Chica Que Yo Quiero),1988
Gerard Joling,Netherlands,Dutch,Shangri-la,1988
Yardena Arazi | ירדנה ארזי,Israel,Hebrew,Ben Adam | בן אדם,1988
Céline Dion,Switzerland,French,Ne Partez Pas Sans Moi,1988
Jump the Gun,Ireland,English,Take Him Home,1988
Maxi & Chris Garden,Germany,German,Lied Fur Einen Freund,1988
Wilfried,Austria,German,"Lisa, Mona Lisa",1988
Hot Eyes,Denmark,Danish,Ka' Du Se Hva' Jeg Sa',1988
Afroditi Fryda | Αφροδίτη Φρυδά,Greece,Greek,Kloun | κλόουν,1988
Karoline Krüger,Norway,Norwegian,For Vår Jord,1988
Reynaert,Belgium,French,Laissez Briller Le Soleil,1988
Lara Fabian,Luxembourg,French,Croire,1988
Luca Barbarossa,Italy,Italian,Ti Scrivo,1988
Gérard Lenorman,France,French,Chanteur De Charme,1988
Dora,Portugal,Portuguese,Voltarei,1988
Srebrna Krila,Yugoslavia,Croatian,Mangup,1988
Anna Oxa & Fausto Leali,Italy,Italian,Avrei Voluto,1989
Gili & Galit | גילי וגלית,Israel,Hebrew,Derech Ha'melech | דרך המלך,1989
Kiev Connolly & the Missing Passengers,Ireland,English,The Real Me,1989
Justine Pelmelay,Netherlands,Dutch,Blijf Zoals Je Bent,1989
Pan,Turkey,Turkish,Bana Bana,1989
Ingeborg,Belgium,Dutch,Door De Wind,1989
Live Report,United Kingdom,English,Why Do I Always Get It Wrong?,1989
Britt Synnøve Johansen,Norway,Norwegian,Venners Næhet,1989
Da Vinci,Portugal,Portuguese,Conquistador,1989
Tommy Nilsson,Sweden,Swedish,En Dag,1989
Park Café,Luxembourg,French,Monsieur,1989
Birthe Kjær,Denmark,Danish,Vi Maler Byen Rød,1989
Thomas Forstner,Austria,German,Nur Ein Lied,1989
Anneli Saaristo,Finland,Finnish,La Dolce Vita,1989
Nathalie Pâque,France,French,J'ai Volé La Vie,1989
Nina,Spain,Spanish,Nacida Para Amar,1989
Fani Polyméri & Yiánnis Savvidákis | Γ.Σαββιδάκης & Φ.Πολυμέρη,Cyprus,Greek,Apopse As Vrethoume | Απόψε ας βρεθούμε,1989
Furbaz,Switzerland,Retro-Roman,Viver Senza Tei,1989
Mariana Efstratiou | Μαριάνα Ευστρατίου,Greece,Greek,To Diko Sou Asteri | Το δικό σου αστέρι,1989
Daníel,Iceland,Icelandic,Það Sem Enginn Sér,1989
Nino de Angelo,Germany,German,Flieger,1989
Riva,Yugoslavia,Croatian,Rock Me,1989
Azùcar Moreno,Spain,Spanish,Bandido,1990
Christos Callow & Wave | Χρήστος Κάλοου & Wave,Greece,Greek,Horis Skopo | Χωρίς Σκοπό,1990
Philippe Lafontaine,Belgium,French,Macédomienne,1990
Kayahan Acar,Turkey,Turkish,Gözlerinin Hapsindeyim,1990
Maywood,Netherlands,Dutch,Ik Wil Alles Met Je Delen,1990
Céline Carzo,Luxembourg,French,Quand Je Te Rêve,1990
Emma,United Kingdom,English,Give A Little Love Back To The World,1990
Stjórnin,Iceland,Icelandic,Eitt Lag Enn,1990
Ketil Stokkan,Norway,Norwegian,Brandenburger Tor,1990
Rita | ריטה,Israel,Hebrew,Shara Barchovot | שרה ברחובות,1990
Lonnie Devantier,Denmark,Danish,Hallo Hallo,1990
Egon Egemann,Switzerland,German,Musik Klingt In Die Welt Hinaus,1990
Chris Kempers & Daniel Kovac,Germany,German,Frei Zu Leben,1990
Joëlle Ursull,France,French,White And Black Blues,1990
Tajči,Yugoslavia,Croatian,Hajde Da Ludujemo,1990
Nucha,Portugal,Portuguese,Há Sempre Alguém,1990
Liam Reilly,Ireland,English,Somewhere In Europe,1990
Edin-Ådahl,Sweden,Swedish,Som En Vind,1990
Toto Cotugno,Italy,Italian,Insieme 1992,1990
Simone,Austria,German,Keine Mauern Mehr,1990
Anastasiou | Αναστάζιο,Cyprus,Greek,Milas Poli | Μιλάς πολύ,1990
Beat,Finland,Finnish,Fri?,1990
Baby Doll,Yugoslavia,Serbian,Brazil,1991
Stefán & Eyfi,Iceland,Icelandic,Nina,1991
Paul Giordimaina & Georgina,Malta,English,Could It Be,1991
Sofia Vossou | Σοφία Βόσσου,Greece,Greek,Anixi | Άνοιξη,1991
Sandra Simò,Switzerland,Italian,Canzone Per Te,1991
Thomas Forstner,Austria,German,Venedig Im Regen,1991
Sarah Bray,Luxembourg,French,Un Baiser Volé,1991
Carola,Sweden,Swedish,Fångad Av En Stormvind,1991
Amina,France,French,Le Dernier Qui A Parlé,1991
"Izel Çeliköz, Reyhan Soykarçi and Can Ugurluér",Turkey,Turkish,Iki Dakika,1991
Kim Jackson,Ireland,English,Could It Be That I'm In Love,1991
Dulce,Portugal,Portuguese,Lusitana Paixao,1991
Anders Frandsen,Denmark,Danish,Lige Der Hvor Hjertet Slår,1991
Just 4 Fun,Norway,Norwegian,Mrs Thompson,1991
Duo Datz | אורנה ומשה דץ,Israel,Hebrew,Kann | כאן,1991
Kaija,Finland,Finnish,Hullu Yö,1991
Atlantis 2000,Germany,German,Dieser Traum Darf Niemals Sterben,1991
Clouseau,Belgium,Dutch,Geef Het Op,1991
Sergio Dalma,Spain,Spanish,Bailar Pegados,1991
Samantha Janus,United Kingdom,English,A Message To Your Heart,1991
Elena Patroklou | Ελενα Πατρόκλου,Cyprus,Greek,SOS,1991
Peppino di Capri,Italy,Italian,Comme E Doce 'o Mare,1991
Serafin,Spain,Spanish,Todo Esto Es La Música,1992
Morgane,Belgium,French,Nous On Veut Des Violons,1992
Dafna | דפנה דקל,Israel,Hebrew,Ze Rak Sport | זה רק ספורט,1992
Aylin Vatankos,Turkey,Turkish,Yaz Bitti,1992
Cleopatra | Κλεοπάτρα,Greece,Greek,Olou Tou Kosmou I Elpida | Όλου του κόσμου η ελπίδα,1992
Kali,France,Creole-French,Monté La Riviè,1992
Christer Björkman,Sweden,Swedish,I Morgon Är En Annan Dag,1992
Diná,Portugal,Portuguese,Amor D'agua Fresca,1992
Evridiki | Ευριδίκη,Cyprus,Greek,Tairiazoume | Ταιριάζουμε,1992
Mary Spiteri,Malta,English,Little Child,1992
Heart 2 Heart,Iceland,Icelandic,Nei Eda Ja,1992
Pave,Finland,Finnish,Yamma Yamma,1992
Daisy Auvray,Switzerland,French,Mister Music Man,1992
Marion Welter,Luxembourg,Letzeburgisch,Sou Fräi,1992
Tony Wegas,Austria,German,Zusammen Geh'n,1992
Michael Ball,United Kingdom,English,One Step Out Of Time,1992
Linda Martin,Ireland,English,Why Me?,1992
Lotte Nilsson & Kenny Lübcke,Denmark,Danish,Alt Det Som Ingen Ser,1992
Mia Martini,Italy,Italian,Rapsodia,1992
Extra Nena,Yugoslavia,Serbian,Ljubim Te Pesmama,1992
Merethe Trøan,Norway,Norwegian,Visjoner,1992
Wind,Germany,German,Traüme Sind Für Alle Da,1992
Humphrey Campbell,Netherlands,Dutch,Wijs Me De Weg,1992
Enrico Ruggeri,Italy,Italian,Sole d'Europa,1993
Burak Aydos & Serter & Baybora Öztürk,Turkey,Turkish,Esmer Yarim,1993
Münchener Freiheit,Germany,German,Viel Zu Weit,1993
Annie Cotton,Switzerland,French,"Moi, Tout Simplement",1993
Tommy Seebach Band,Denmark,Danish,Under Stjernerne På Himlen,1993
Keti Garbi | Καίτη Γαρμπή,Greece,Greek,"Ellanda, Hora Tou Fotos | Ελλάδα, Χώρα Του Φωτός",1993
Barbara,Belgium,Dutch,Iemand Als Jij,1993
William Mangion,Malta,English,This Time,1993
Inga,Iceland,Icelandic,Pa Veistu Svardid,1993
Tony Wegas,Austria,German,Maria Magdalena,1993
Anabela,Portugal,Portuguese,A Cidade Ate Ser Dia,1993
Patrick Fiori,France,French,Mama Corsica,1993
Arvingarna,Sweden,Swedish,Eloise,1993
Niamh Kavanagh,Ireland,English,In Your Eyes,1993
Modern Times,Luxembourg,French-Letzburgish,Donne-Moi Une Chance,1993
1X Band,Slovenia,Slovenian,Tih Deževen Dan,1993
Katri Helena,Finland,Finnish,Tule Luo,1993
Fazla,Bosnia-Herzegovina,Bosnian,Sva Bol Svijeta,1993
Sonia,United Kingdom,English,Better The Devil You Know,1993
Ruth Jacott,Netherlands,Dutch,Vrede,1993
Put,Croatia,Croatian,Don't Ever Cry,1993
Eva Santamaria,Spain,Spanish,Hombres,1993
Kyriakos Zymboulakis & Demos van Beke | Κυριάκος Ζυμπουλάκης & Δήμος Μπέκε,Cyprus,Greek,Mi Stamatas | Mην σταματάς,1993
Lahakat Shiru | להקת שירו,Israel,Hebrew,Shiru | שירו,1993
Silje Vige,Norway,Norwegian,Alle Mine Tankar,1993
Marie Bergman & Roger Pontare,Sweden,Swedish,Stjärnorna,1994
CatCat,Finland,Finnish,Bye Bye Baby,1994
Paul Harrington & Charlie McGettigan,Ireland,English,Rock 'n' Roll Kids,1994
Evridiki | Ευριδίκη,Cyprus,Greek,Eimai Anthropos Ki Ego | Είμαι Άνθρωπος Κι Εγώ,1994
Sigga,Iceland,Icelandic,Nætur,1994
Frances Ruffelle,United Kingdom,English,We Will Be Free (Lonely Symphony),1994
Tony Cetinski,Croatia,Croatian,Nek 'ti Bude Ljubav Sva,1994
Sara Tavares,Portugal,Portuguese,Chamar A Musica,1994
Duilio,Switzerland,Italian,Sto Pregando,1994
Silvi Vrait,Estonia,Estonian,Nagu Merelaine,1994
Dan Bittman,Romania,Romanian,Dincolo De Nori,1994
Moira & Chris,Malta,English,More Than Love,1994
Willeke Alberti,Netherlands,Dutch,Waar Is De Zon?,1994
Mekado,Germany,German,Wir Geben 'ne Party,1994
Martin Durinda & Tublatanka,Slovakia,Slovak,Nekonečná Pieseň,1994
Ovidijus Vyšniauskas,Lithuania,Lithuanian,Lopišiné Mylimaj,1994
Elisabeth Andreasson & Jan Werner Danielsen,Norway,Norwegian,Duett,1994
Alma & Dejan,Bosnia-Herzegovina,Bosnian,Ostani Kraj Mene,1994
Costas Bigalis & The Sea Lovers | Κώστας Μπίγαλης & The Sea lovers,Greece,Greek,To Trehantiri | To Τρεχαντήρι,1994
Petra Frey,Austria,German,Für Den Frieden Der Welt,1994
Alejandro Abad,Spain,Spanish,Ella No Es Ella,1994
Friederika,Hungary,Hungarian,Kinek Mondjam El Vétkeimet,1994
Youddiph | Юдифь,Russia,Russian,Vechni Stranik | Вечный странник,1994
Edyta Górniak,Poland,Polish,To Nie Ja,1994
Nina Morato,France,French,Je Suis Un Vrai Garçon,1994
Justyna Steczkowska,Poland,Polish,Sama,1995
Eddie Friel,Ireland,English,Dreamin',1995
Stone & Stone,Germany,German,Verliebt In Dich,1995
Davorin Popović,Bosnia-Herzegovina,Bosnian,Dvadeset I Prvi Viijek,1995
Secret Garden,Norway,Norwegian,Nocturne,1995
Philip Kirkorov | Филипп Киркоров,Russia,Russian,Kolybelnaya Dlya Vulkana | Кольібельная для вулкана,1995
Bo Halldórsson,Iceland,Icelandic,Núna,1995
Stella Jones,Austria,German,Die Welt Dreht Sich Verkehrt,1995
Anabel Conde,Spain,Spanish,Vuelve Conmigo,1995
Arzu Ece,Turkey,Turkish,Sev,1995
Magazin & Lidija,Croatia,Croatian,Nostalgija,1995
Nathalie Santamaria,France,French,Il Me Donne Rendez-vous,1995
Czaba Szigeti,Hungary,Hungarian,Új Név A Régi Ház Falán,1995
Frédéric Etherlinck,Belgium,French,La Voix Est Libre,1995
Love City Groove,United Kingdom,English,Love City Groove,1995
Tó Cruz,Portugal,Portuguese,Baunilha E Chocolate,1995
Alexandros Panayi | Aλεξ. Παναγής,Cyprus,Greek,Sti Fotia | Στην φωτιά,1995
Jan Johansen,Sweden,Swedish,Se På Mej,1995
Aud Wilken,Denmark,Danish,Fra Mols Til Skagen,1995
Darja Švajger,Slovenia,Slovenian,Prisluhni Mi,1995
Liora | ליאורה,Israel,Hebrew,Amen | אמן,1995
Mike Spiteri,Malta,English,Keep Me In Mind,1995
Elina Constantopoulou | Ελίνα Κωνσταντοπούλου,Greece,Greek,Pia Prosefhi | Ποια προσευχή,1995
Sebnem Paker,Turkey,Turkish,Besinci Mevsim,1996
Gina G,United Kingdom,English,Ooh Aah ... Just A Little Bit,1996
Antonio Carbonell,Spain,Spanish,Ay! Que Deseo!,1996
Lúcia Moniz,Portugal,Portuguese,O Meu Caração Nao Tem Cor,1996
Constantinos | Κωνσταντίνος,Cyprus,Greek,Mono Gia Mas | Μόνο για μας,1996
Miriam Christine,Malta,English,In A Woman's Heart,1996
Maja Blagdan,Croatia,Croatian,Sveta Ljubav,1996
George Nussbaumer,Austria,German - Voralbergian,Weil's Dr Guat Got,1996
Kathy Leander,Switzerland,French,Mon Cœur L'aime,1996
Mariana Efstratiou | Μαριάνα Ευστρατίου,Greece,Greek,Emis Forame Ton Himona Anixatika | Εμείς φοράμε το χειμώνα ανοιξιάτικα,1996
Ivo Linna & Maarja-Liis Ilus,Estonia,Estonian,Kaelakee Hääl,1996
Elisabeth Andreasson,Norway,Norwegian,I Evighet,1996
Dan Ar Braz and L'Héritage des Celtes,France,Breton,Diwanit Bugale,1996
Regina,Slovenia,Slovenian,Dan Najlepših Sanj,1996
Maxine & Franklin Brown,Netherlands,Dutch,De Eerste Keer,1996
Lisa del Bo,Belgium,Dutch,Liefde Is Een Kaartspel,1996
Eimear Quinn,Ireland,English,The Voice,1996
Jasmine,Finland,Finnish,Niin Kaunis On Taivas,1996
Anna Mjöll,Iceland,Icelandic,Sjúbidu,1996
Kasia Kowalska,Poland,Polish,Chce Znac Swoj Grzech,1996
Amila Glamočak,Bosnia-Herzegovina,Bosnian,Za Našu Ljubav,1996
Marcel Palonder,Slovakia,Slovak,Kým Nás Máš,1996
One More Time,Sweden,Swedish,Den Vilda,1996
Chara & Andreas Konstantinou | Χαρά & Ανδρέας Κωνσταντίνου,Cyprus,Greek,Mana Mou | Μάνα μου,1997
Sebnem Paker& Etnic grup,Turkey,Turkish,Dinle,1997
Tor Endresen,Norway,Norwegian,San Francisco,1997
Bettina Soriat,Austria,German,One Step,1997
Marc Roberts,Ireland,English,Mysterious Woman,1997
Tanja Ribič,Slovenia,Slovenian,Zbudi Se,1997
Barbara Berta,Switzerland,Italian,Dentro Di Me,1997
Mrs. Einstein,Netherlands,Dutch,Niemand Heeft Nog Tijd,1997
Jalisse,Italy,Italian,Fiumi Di Parole,1997
Marcos LLunas,Spain,Spanish,Sin Rencor,1997
Bianca Shomburg,Germany,German,Zeit,1997
Anna Maria Jopek,Poland,Polish,Ale Jestem,1997
Maarja-Liis Ilus,Estonia,Estonian,Keelatud Maa,1997
Alma Čardžić,Bosnia-Herzegovina,Bosnian,Goodbye,1997
Celia Lawson,Portugal,Portuguese,Antes Do Adeus,1997
Blond,Sweden,Swedish,Bara Hon Alskar Moj,1997
Marianna Zorba | Μαριάννα Ζορμπά,Greece,Greek,Horepse | Χόρεψε,1997
Debbie Scerri,Malta,English,Let Me Fly,1997
VIP,Hungary,Hungarian,"Miért Kell, Hogy Elmenj?",1997
Alla Pugachova | Алла Пугачева,Russia,Russian,Primadonna | Примадонна,1997
Kølig Kaj,Denmark,Danish,Stemmen I Mit Liv,1997
Fanny,France,French,Sentiments Songes,1997
ENI,Croatia,Croatian,Probudi Mi,1997
Katrina & the Waves,United Kingdom,English,Love Shine A Light,1997
Paul Oscar,Iceland,Icelandic,Minn Hinsti Dans,1997
Danijela,Croatia,Croatian,Neke Mi Ne Svane,1998
Thalassa | Θάλασσα,Greece,Greek,Mia Krifi Evesthisia | Μια κρυφή ευαισθησία,1998
Marie-Line,France,French,Où Aller,1998
Mikel Herzog,Spain,Spanish,Que Voy A Hacer Sin Ti?,1998
Gunvor,Switzerland,German,Lass Ihn,1998
Katarína Hasprová,Slovakia,Slovak,Modlitba,1998
Sixteen,Poland,Polish,To Takie Proste,1998
Dana International | דנה אינטרנשיונל,Israel,Hebrew,Diva | דיווה,1998
Guildo Horn,Germany,German,Guildo Hat Euch Lieb,1998
Chiara,Malta,English,The One That I Love,1998
Charlie,Hungary,Hungarian,A Holnap Már Nem Lesz Szomorú,1998
Vili Resnik,Slovenia,Slovenian,Naj Bogovi Slišijo,1998
Dawn,Ireland,English,Is Always Over Now,1998
Alma Lusa,Portugal,Portuguese,Se Eu Te Pudesse Abraçar,1998
Malina Olinescu,Romania,Romanian,Eu Cred,1998
Imaani,United Kingdom,English,Where Are You?,1998
Michael Hajiyanni | Μιχάλης Χατζηγιάννης,Cyprus,Greek,Genesis | Γένεσης,1998
Edsilia Rombley,Netherlands,Dutch,Hemel En Aarde,1998
Jill Johnson,Sweden,Swedish,Kärleken Är,1998
Mélanie Cohl,Belgium,French,Dis Oui,1998
Edea,Finland,Finnish,Aava,1998
Lars A. Fredriksen,Norway,Norwegian,Alltid Sommer,1998
Koit Toome,Estonia,Estonian,Mere Lapsed,1998
Tüzmen,Turkey,Turkish,Unutamazsin,1998
Vlado Janevski | Владо Јаневски,FYR Macedonia,Macedonian,"Ne Zori, Zoro | не зори, зоро",1998
Aiste Smilgeviciute,Lithuania,Samogitian,Strazdas,1999
Vanessa Chinitor,Belgium,English,Like The Wind,1999
Lydia,Spain,Spanish,No Quiero Escucharte,1999
Doris Dragovic,Croatia,Croatian,Marija Magdalena,1999
Precious,United Kingdom,English,Say It Again,1999
Darja Švajger,Slovenia,English,For A Thousand Years,1999
Tuba Önal & grup Mystik,Turkey,Turkish,Dön Artik,1999
Stig André van Eijk,Norway,English,Living My Life Without You,1999
Michael Teschl & Trine Jepsen,Denmark,English,This Time I Mean It,1999
Nayah,France,French,Je Veux Donner Ma Voix,1999
Marlayne,Netherlands,Dutch,One Good Reason,1999
Mieczyslaw Szczesniak,Poland,Polish,Przytul Mnie Mocno,1999
Selma Björnsdóttir,Iceland,English,All Out Of Luck,1999
Marlain Angelidou | Μαρλαίν Αγγελίδου,Cyprus,Greek,Thane Erotas | Θά ναι έρωτας,1999
Charlotte Nilsson,Sweden,English,Take Me To Your Heaven,1999
Rui Bandeira,Portugal,Portuguese,Como Tudo Começou,1999
The Mullans,Ireland,English,When You Need Me,1999
Bobbie Singer,Austria,English,Reflection,1999
Eden | עדן,Israel,Hebrew-English,Happy Birthday | יום הולדת,1999
Times 3,Malta,English,Believe 'n' Peace,1999
Sürpriz,Germany,German-English-Turkish-Hebrew,Reise Nach Jerusalem,1999
Dino & Beatrice,Bosnia-Herzegovina,Bosnian,Putnici,1999
Evelin Samuel & Camille,Estonia,English,Diamond Of Night,1999
Ping Pong | פינג-פונג,Israel,Hebrew,Sa'me'akh | שמייח,2000
Linda Wagenmakers,Netherlands,English,No Goodbyes,2000
Nicki French,United Kingdom,English,Don't Play That Song Again,2000
Ines,Estonia,English,Once In A Lifetime,2000
Sofia Mestari,France,French,On Aura Le Ciel,2000
Taxi,Romania,English,The Moon,2000
Claudette Pace,Malta,English,Desire,2000
Charmed,Norway,English,My Heart Goes Boom,2000
Alsou | Алсу,Russia,English,Solo,2000
Nathalie Sorce,Belgium,French,Envie De Vivre,2000
Voice,Cyprus,Greek-Italian,Nomiza | Νόμιζα,2000
Einar Ágúst Viðisson & Telma Áugústdóttir,Iceland,English,Tell Me,2000
Serafin Zubiri,Spain,Spanish,Colgado De Un Sueño,2000
Olsen Brothers,Denmark,English,Fly On The Wings Of Love,2000
Stefan Raab,Germany,German,Wadde Hadde Dudde Da?,2000
Jane Bogaert,Switzerland,Italian,La Vita Cos'è,2000
Goran Karan,Croatia,Croatian,Kada Zaspu Anðeli,2000
Roger Pontare,Sweden,English,When Spirits Are Calling My Name,2000
XXL,FYR Macedonia,Macedonian,100% Te Ljubam | 100% те љубам,2000
Nina Åström,Finland,English,A Little Bit,2000
BrainStorm,Latvia,English,My Star,2000
Pinar Ayhan & the S.O.S. band,Turkey,Turkish,Yorgunum Anta,2000
Eamonn Toal,Ireland,English,Millenium Of Love,2000
The Rounder girls,Austria,English,All To You,2000
Michelle,Netherlands,English,Out On My Own,2001
Two Tricky,Iceland,English,Angel,2001
Nino,Bosnia-Herzegovina,Bosnian-English,Hano,2001
Haldor Lægreid,Norway,English,On My Own,2001
Tal Sondak | טל סונדק,Israel,Hebrew,Ein Davar | אין דבר,2001
Mumiy Troll | Мумий Тролль,Russia,English,Lady Alpine Blue,2001
Friends,Sweden,English,Listen To Your Heartbeat,2001
Skamp,Lithuania,English,U Got Style,2001
Arnis Mednis,Latvia,English,Too Much,2001
Vanna,Croatia,English,Strings Of My Heart,2001
MTM,Portugal,Portuguese,Só Sei Ser Feliz Assim,2001
Gary O'Shaughnessy,Ireland,English,Without Your Love,2001
David Civera,Spain,Spanish,Dile Que La Quiero,2001
Natasha Saint-Pier,France,French,Je N'ai Que Mon Âme,2001
Sedat Yüce,Turkey,Turkish-English,Sevgiliye Son,2001
Lindsay D.,United Kingdom,English,No Dream Impossible,2001
Nuša Derenda,Slovenia,English,Energy,2001
Piasek,Poland,English,2 Long,2001
Michelle,Germany,German-English,Wer Liebe Lebt,2001
"Tanel Padar, Dave Benton & 2XL",Estonia,English,Everybody,2001
Fabrizio Faniello,Malta,English,Another Summer Night,2001
Antique,Greece,Greek-English,Die For You,2001
Rollo & King,Denmark,English,Never Ever Let You Go,2001
One,Cyprus,English,Gimme,2002
Jessica Garlick,United Kingdom,English,Come Back,2002
Manuel Ortega,Austria,English,Say A Word,2002
Michalis Rakintzis,Greece,English,S.a.g.a.p.o.,2002
Rosa,Spain,Spanish,Europe's Living A Celebration,2002
Vesna Pisarovic,Croatia,English,Everything I Want,2002
Prime Minister | Премьер-Министр,Russia,English,Northern Girl,2002
Sahléne,Estonia,English,Runaway,2002
Karolina Gocheva | Каролина Гочева,FYR Macedonia,Macedonian,Od Nas Zavisi | Од нас зависи,2002
Sarit Hadad | שרית חדד,Israel,Hebrew-English,Light A Candle,2002
Francine Jordi,Switzerland,French,Dans Le Jardin De Mon Âme,2002
Afro-dite,Sweden,English,Never Let It Go,2002
Laura,Finland,English,Addicted To You,2002
Malene,Denmark,English,Tell Me Who You Are,2002
Maja Tatić,Bosnia-Herzegovina,Bosnian,Na Jastuku Za Dvoje,2002
Sergio & The Ladies,Belgium,English,Sister,2002
Sandrine François,France,French,Il Faut Du Temps,2002
Corinna May,Germany,English,I Can't Live Without Music,2002
Buket Bengisu & Saphire,Turkey,Turkish-English,Leylaklar Soldu Kalbinde,2002
Ira Losco,Malta,English,7th Wonder,2002
Monica Anghel & Marcel Pavel,Romania,English,Tell Me Why,2002
Sestre,Slovenia,Slovenian,Samo Ljubezen,2002
Marie N,Latvia,English,I Wanna,2002
Aivaras,Lithuania,English,Happy You,2002
Birgitta,Iceland,English,Open Your Heart,2003
Alf Poier,Austria,German,Weil Der Mensch Zählt,2003
Mickey Harte,Ireland,English,We've Got The World,2003
Sertab Erener,Turkey,English,Everyway That I Can,2003
Lynn Chircop,Malta,English,To Dream Again,2003
Mija Martina,Bosnia-Herzegovina,Bosnian,Ne Brini,2003
Rita Guerra,Portugal,Portuguese,Deixa-me Sonhar,2003
Claudia Beni,Croatia,Croatian,Više Nisam Tvoja,2003
Stelios Constantas | Στέλιος Κωσταντάς,Cyprus,English,Feeling Alive,2003
Lou,Germany,English,Let's Get Happy,2003
t.A.T.u. | т.а.Т.у.,Russia,Russian,"Ne Ver’, Ne Bojsia | Не верь, не бойся",2003
Beth,Spain,Spanish,Dime,2003
Lior Narkis | ליאור נרקיס,Israel,Hebrew-English,Words For Love,2003
Esther Hart,Netherlands,English,One More Night,2003
Jemini,United Kingdom,English,Cry Baby,2003
Olexandr,Ukraine,English,Hasta La Vista,2003
Mando | Μαντώ,Greece,English,Never Let You Go,2003
Jostein Hasselgård,Norway,English,I´m Not Afraid To Move On,2003
Louisa Baïleche,France,French,Monts Et Merveilles,2003
Ich Troje,Poland,Polish-German-Russian,Keine Grenzen - Zadnych Granic,2003
F.L.Y.,Latvia,English,Hello From Mars,2003
Urban Trad,Belgium,Imaginary Language,Sanomi,2003
Ruffus,Estonia,English,Eighties Coming Back,2003
Nicola,Romania,English,Don’t Break My Heart,2003
Fame,Sweden,English,Give Me Your Love,2003
Karmen Stavec,Slovenia,English,Nanana,2003
Ramón,Spain,Spanish,Para Llenarme De Ti,2004
Tie-Break,Austria,German,Du Bist,2004
Knut Anders Sørum,Norway,English,High,2004
Jonatan Cerrada,France,French,A Chaque Pas,2004
Željko Joksimović & the Ad Hoc Orchestra,Serbia & Montenegro,Serbian,Lane Moje,2004
Julie & Ludwig,Malta,English,"On Again..., Off Again...",2004
Re-Union,Netherlands,English,Without You,2004
Max,Germany,English-Turkish,Can't Wait Until Tonight,2004
Anjeza Shahini,Albania,English,The Image Of You,2004
Ruslana | Руслана,Ukraine,English-Ukranian,Wild Dances,2004
Ivan Mikulić,Croatia,English,You Are The Only One,2004
Deen,Bosnia-Herzegovina,English,In The Disco,2004
Xandee,Belgium,English,1 Life,2004
Julia Savicheva | Юлия Савичева,Russia,English,Believe Me,2004
Toše Proeski | Тоше Проески,FYR Macedonia,English,Life,2004
Sakis Rouvas | Σάκης Ρουβάς,Greece,English,Shake It,2004
Jónsi,Iceland,English,Heaven,2004
Chris Doran,Ireland,English,If My World Stopped Turning,2004
Blue Café,Poland,English,Love Song,2004
James Fox,United Kingdom,English,Hold Onto Our Love,2004
Lisa Andreas,Cyprus,English,Stronger Every Minute,2004
Athena,Turkey,English,For Real,2004
Sanda Ladosi,Romania,English,I Admit,2004
Lena Philipsson,Sweden,English,It Hurts,2004
Nox,Hungary,Hungarian,Forogj Világ!,2005
Javine,United Kingdom,English,Touch My Fire,2005
Chiara,Malta,English,Angel,2005
Luminita Anghel & Sistem,Romania,English,Let Me Try,2005
Wig Wam,Norway,English,In My Dreams,2005
Gülseren,Turkey,Turkish,Rimi Rimi Ley,2005
Zdob Si Zdub,Moldova,Romanian-English,Boonika Bate Doba,2005
Ledina Çelo,Albania,English,Tomorrow I Go,2005
Constantinos Christoforou | Κωνσταντίνος Χριστοφόρου,Cyprus,English,Ela Ela (Come Baby),2005
Son De Sol,Spain,Spanish,Brujería,2005
Shiri Maimon | שירי מימון,Israel,Hebrew-English,Hasheket Shenish'ar | השקט שנשאר,2005
No Name,Serbia & Montenegro,Serbo-Croat,Zauvijek Moja,2005
Jakob Sveistrup,Denmark,English,Talking To You,2005
Martin Stenmarck,Sweden,English,Las Vegas,2005
Martin Vučić | Мартин Вучиќ,FYR Macedonia,English,Make My Day,2005
Greenjolly | Ґринджоли,Ukraine,Multilingual,Razom Nas Bahato | Разом нас багато,2005
Gracia,Germany,English,Run & Hide,2005
Boris Novković ft. Lado members,Croatia,Croatian,Vukovi Umiru Sami,2005
Helena Paparizou | Ελενα Παπαρίζου,Greece,English,My Number One,2005
Natalia Podolskaya | Наталья Подольская,Russia,English,Nobody Hurt No One,2005
Feminnem,Bosnia-Herzegovina,English,Call Me,2005
Vanilla Ninja,Switzerland,English,Cool Vibes,2005
Walters & Kaža,Latvia,English,The War Is Not Over,2005
Ortal,France,French,Chacun Pense À Soi,2005
Six4One,Switzerland,English,If We All Give A Little,2006
Arsenium ft. Natalia Gordienko & Connect-R,Moldova,English,Loca,2006
Eddie Butler,Israel,Hebrew-English,Together We Are One,2006
Cosmos,Latvia,English,I Hear Your Heart,2006
Christine Guldbrandsen,Norway,Norwegian,Alvedansen,2006
Las Ketchup,Spain,Spanish,Un Blodymary,2006
Fabrizio Faniello,Malta,English,I Do,2006
Texas Lightning,Germany,English,No No Never,2006
Sidsel Ben Semmane,Denmark,English,Twist Of Love,2006
Dima Bilan | Дима Билан,Russia,English,Never Let You Go,2006
Elena Risteska | Елена Ристеска,FYR Macedonia,Macedonian-English,Ninanajna | Нинанајна,2006
Mihai Trăistariu,Romania,English-Italian,Tornero,2006
Hari Mata Hari,Bosnia-Herzegovina,Bosnian,Lejla,2006
LT United,Lithuania,English,We Are The Winners,2006
Daz Sampson,United Kingdom,English,Teenage Life,2006
Anna Vissi | Αννα Βίσση,Greece,English,Everything,2006
Lordi,Finland,English,Hard Rock Hallelujah,2006
Tina Karol | Тина Кароль,Ukraine,English,Show Me Your Love,2006
Virginie Pouchain,France,French,Il Etait Temps,2006
Severina,Croatia,Croatian,Moja Štikla,2006
Brian Kennedy,Ireland,English,Every Song Is A Cry For Love,2006
Carola Häggkvist,Sweden,English,Invincible,2006
Sibel Tüzün,Turkey,Turkish,Süper Star,2006
André | Անդրեն,Armenia,English,Without Your Love?,2006
Marija Šestić,Bosnia-Herzegovina,Bosnian,Rijeka Bez Imena,2007
d'Nash,Spain,Spanish,I Love You Mi Vida,2007
Koldun | Колдун,Belarus,English,Work Your Magic,2007
Dervish,Ireland,English,They Can't Stop The Spring,2007
Hanna Pakarinen,Finland,English,Leave Me Alone,2007
Karolina Goceva,FYR Macedonia,Macedonian-English,Mojot Svet,2007
Alenka Gotar,Slovenia,Slovenian,Cvet Z Juga,2007
Magdi Rúzsa,Hungary,English,Unsubstantial Blues,2007
4Fun,Lithuania,English,Love Or Leave,2007
Sarbel Michael | Σαρμπέλ Μιχαήλ,Greece,English,Yassou Maria,2007
Sopho | სოფო,Georgia,English,Visionary Dream,2007
The Ark,Sweden,English,The Worrying Kind,2007
Les Fatals Picards,France,French,L’amour À La Française,2007
Bonaparte.lv,Latvia,Italian,Questa Notte,2007
Serebro,Russia,English,Song #1,2007
Roger Cicero,Germany,German-English,Frauen Regier'n Die Welt,2007
Marija Šerifović,Serbia,Serbian,Molitva,2007
Verka Serduchka | Вєрка Сердючка,Ukraine,Russian-German-English,Dancing Lasha Tumbai,2007
Scooch,United Kingdom,English,Flying The Flag (For You),2007
Todomondo,Romania,"English, Italian, Spanish, Russian, French, Romanian","Liubi, Liubi, I Love You",2007
Elitsa & Stoyan,Bulgaria,Bulgarian,Water,2007
Kenan Doğulu,Turkey,English,Shake It Up Shekerim,2007
Hayko | Հայկո,Armenia,English-Armenian,Anything You Need,2007
Natalia Barbu,Moldova,English,Fight,2007
Nico & Vlad Miriţă,Romania,Romanian-Italian,Pe-o Margine De Lume,2008
Andy Abraham,United Kingdom,English,Even If,2008
Olta Boka,Albania,Albanian,Zemrën E Lamë Peng,2008
No Angels,Germany,English,Disappear,2008
Sirusho | Սիրուշո,Armenia,English-Armenian,"Qele, Qele | Քելե Քելե",2008
Laka,Bosnia-Herzegovina,Bosnian,Pokušaj,2008
Boaz Mauda | בועז מעודה,Israel,Hebrew-English,The Fire In Your Eyes,2008
Teräsbetoni,Finland,Finnish,Missä Miehet Ratsastaa,2008
Kraljevi Ulice & 75 Cents,Croatia,Croatian,Romanca,2008
Isis Gee,Poland,English,For Life,2008
Euroband,Iceland,English,This Is My Life,2008
Mor Ve Ötesi,Turkey,Turkish,Deli,2008
Vânia Fernandes,Portugal,Portuguese,Senhora Do Mar,2008
Pirates Of The Sea,Latvia,English,Wolves Of The Sea,2008
Charlotte Perrelli,Sweden,English,Hero,2008
Simon Mathew,Denmark,English,All Night Long,2008
Diana Gurtskaya,Georgia,English,Peace Will Come,2008
Ani Lorak,Ukraine,English,Shady Lady,2008
Sébastien Tellier,France,English-French,Divine,2008
Elnur & Samir,Azerbaijan,English,Day After Day,2008
Kalomira,Greece,English,Secret Combination,2008
Rodolfo Chikilicuatre,Spain,Spanish,Baila El Chiki Chiki,2008
Jelena Tomaševic ft. Bora Dugic,Serbia,Serbian,Oro,2008
Dima Bilan,Russia,English,Believe,2008
Maria Haukaas Storeng,Norway,English,Hold On Be Strong,2008
Sasha Son,Lithuania,English-Russian,Love,2009
Noa & Mira Awad,Israel,Arabic-Hebrew-English,There Must Be Another Way,2009
Patricia Kaas,France,French,Et S'il Fallait Le Faire,2009
Malena Ernman,Sweden,English-French,La Voix,2009
Igor Cukrov feat. Andrea,Croatia,Croatian,Lijepa Tena,2009
Flor-de-Lis,Portugal,Portuguese,Todas As Ruas Do Amor,2009
Yohanna,Iceland,English,Is It True,2009
Sakis Rouvas | Σάκης Ρουβάς,Greece,English,This Is Our Night,2009
Inga & Anush Arshakyanner,Armenia,English-Armenian,Jan Jan,2009
Anastasia Prikhodko,Russia,Russian-Ukrainian,Mamo,2009
AySel & Arash,Azerbaijan,English,Always,2009
Regina,Bosnia-Herzegovina,Bosnian,Bistra Voda,2009
Nelly Ciobanu,Moldova,Romanian-English,Hora Din Moldova,2009
Chiara,Malta,English,What If We,2009
Urban Symphony,Estonia,Estonian,Rändajad,2009
Brinck,Denmark,English,Believe Again,2009
Alex Swings Oscar Sings,Germany,English,Miss Kiss Kiss Bang,2009
Hadise,Turkey,English,Düm Tek Tek,2009
Kejsi Tola,Albania,English,Carry Me In Your Dreams,2009
Alexander Rybak,Norway,English,Fairytale,2009
Svetlana Loboda,Ukraine,English,Be My Valentine (Anti Crisis Girl),2009
Elena Gheorghe,Romania,English,The Balkan Girls,2009
Jade Ewen,United Kingdom,English,It's My Time,2009
Waldo's People,Finland,English,Lose Control,2009
Soraya,Spain,Spanish,La Noche Es Para Mí,2009
Safura,Azerbaijan,English,Drip Drop,2010
Daniel Diges,Spain,Spanish,Algo Pequeñito,2010
Didrik Solli-Tangen,Norway,English,My Heart Is Yours,2010
Sunstroke Project & Olia Tira,Moldova,English,Run Away,2010
Jon Lilygreen & The Islanders,Cyprus,English,Life Looks Better In Spring,2010
Vukašin Brajić,Bosnia-Herzegovina,English,Thunder And Lightning,2010
Tom Dice,Belgium,English,Me And My Guitar,2010
Milan Stanković | Милан Станковић,Serbia,Serbian,Ovo Je Balkan | Ово je Балкaн,2010
3+2,Belarus,English,Butterflies,2010
Niamh Kavanagh,Ireland,English,It's For You,2010
Giorgos Alkaios & Friends,Greece,Greek,Opa,2010
Josh Dubovie,United Kingdom,English,That Sounds Good To Me,2010
Sofia Nizharadze,Georgia,English,Shine,2010
maNga,Turkey,English,We Could Be The Same,2010
Juliana Pasha,Albania,English,It's All About You,2010
Hera Björk,Iceland,English-French,Je Ne Sais Quoi,2010
Alyosha,Ukraine,English,Sweet People,2010
Jessy Matador,France,French,Alllez Ola Olé,2010
Paula Seling & Ovi,Romania,English,Playing With Fire,2010
Peter Nalitch & Friends,Russia,English,Lost And Forgotten,2010
Eva Rivas,Armenia,English,Apricot Stone,2010
Lena,Germany,English,Satellite,2010
Filipa Azevedo,Portugal,Portuguese,Há Dias Assim,2010
Harel Skaat | הראל סקעת,Israel,Hebrew,Milim | מילים,2010
Chanée & N'evergreen,Denmark,English,In A Moment Like This,2010
Paradise Oskar,Finland,English,Da Da Dam,2011
Dino Merlin,Bosnia-Herzegovina,English,Love In Rewind,2011
A Friend In London,Denmark,English,New Tomorrow,2011
Evelina Sašenko,Lithuania,English-French,C'est Ma Vie,2011
Kati Wolf,Hungary,English-Hungarian,What About My Dreams,2011
Jedward,Ireland,English,Lipstick,2011
Eric Saade,Sweden,English,Popular,2011
Getter Jaani,Estonia,English,Rockefeller Street,2011
Loucas Yiorkas Ft. Stereo Mike,Greece,English-Greek,Watch My Dance,2011
Alexey Vorobjov,Russia,English,Get You,2011
Amaury Vassili,France,Corsican,Sognu,2011
Raphael Gualazzi,Italy,Italian-English,Maddnes Of Love,2011
Anna Rossinelli,Switzerland,English,In Love For A While,2011
Blue,United Kingdom,English,I Can,2011
Zdob Si Zdub,Moldova,English,So Lucky,2011
Lena,Germany,English,Taken By A Stranger,2011
Hotel FM,Romania,English,Change,2011
Nadine Beiler,Austria,English,The Secret Is Love,2011
Ell & Nikki,Azerbaijan,English,Running Scared,2011
Maja Keuc,Slovenia,English,No One,2011
Sjonni's Friends,Iceland,English,Coming Home,2011
Lucía Pérez,Spain,Spanish,Que Me Quiten Lo Bailao,2011
Mika Newton,Ukraine,English,Angel,2011
Nina,Serbia,Serbian,Čaroban,2011
Eldrine,Georgia,English,One More Day,2011
Engelbert Humperdinck,United Kingdom,English,Love Will Set You Free,2012
Compact Disco,Hungary,English,Sound Of Our Hearts,2012
Rona Nishliu,Albania,Albanian,Suus,2012
Donny Montell,Lithuania,English,Love Is Blind,2012
Maya Sar,Bosnia-Herzegovina,Bosnian,Korake Ti Znam,2012
Buranovskie Babushki,Russia,Udmurt-English,Party For Everybody,2012
Gréta Salóme & Jónsi,Iceland,English,Never Forget,2012
Ivi Adamou | Ήβη Αδάμου,Cyprus,English,Lala Love,2012
Anggun,France,French-English,Echo (You And I),2012
Nina Zilli,Italy,Italian-English,L'amore E' Femmina (Out Of Love),2012
Ott Lepland,Estonia,Estonian,Kuula,2012
Tooji,Norway,English,Stay,2012
Sabina Babayeva,Azerbaijan,English,When The Music Dies,2012
Mandinga,Romania,Spanish-English,Zaleilah,2012
Soluna Samay,Denmark,English,Should've Known Better,2012
Eleftheria Eleftheriou | Ελευθερία Ελευθερίου,Greece,English,Aphrodisiac,2012
Loreen,Sweden,English,Euphoria,2012
Can Bonomo,Turkey,English,Love Me Back,2012
Pastora Soler,Spain,Spanish,Quédate Conmigo,2012
Roman Lob,Germany,English,Standing Still,2012
Kurt Calleja,Malta,English,This Is The Night,2012
Kaliopi,FYR Macedonia,Macedonian,Crno I Belo,2012
Jedward,Ireland,English,Waterline,2012
Željko Joksimović,Serbia,Serbian,Nije Ljubav Stvar,2012
Gaitana,Ukraine,English,Be My Guest,2012
Pasha Parfeny,Moldova,English,Lăutar,2012
Amandine Bourgeois,France,French,L'enfer Et Moi,2013
Andrius Pojavis,Lithuania,English,Something,2013
Aliona Moon,Moldova,Romanian,O Mie,2013
Krista Siegfrieds,Finland,English,Marry Me,2013
El Sueño De Morfeo,Spain,Spanish,Contigo Haste El Final,2013
Roberto Bellarosa,Belgium,English,Love Kills,2013
Birgit Oigemeel,Estonia,Estonian,Et Uus Saks Alguse,2013
Alyona Lanskaya,Belarus,English,Solayoh,2013
Gianluca Bezzina,Malta,English,Tomorrow,2013
Dina Garipova,Russia,English,What If,2013
Cascada,Germany,English,Glorious,2013
Dorians | Դորիանս,Armenia,English,Lonely Planet,2013
Anouk,Netherlands,English,Birds,2013
Cezar,Romania,English,It's My Life,2013
Bonnie Taylor,United Kingdom,English,Believe In Me,2013
Robin Stjernberg,Sweden,English,You,2013
ByeAlex,Hungary,Hungarian,Kedvesem,2013
Emmelie de Forrest,Denmark,English,Only Teardrops,2013
Eyþor Ingi Gunnlaugsson,Iceland,Icelandic,Ég Á Líf,2013
Farid Mammadov,Azerbaijan,English,Hold Me,2013
Koza Mostra Ft. Agathonas Iakovidis,Greece,Greek,Alcohol Is Free,2013
Zlata Ognevich,Ukraine,English,Gravity,2013
Marco Mengoni,Italy,Italian,L'essenziale,2013
Margaret Berger,Norway,English,I Feed You My Love,2013
Nodi Tatishvili & Sophie Gelovani,Georgia,English,Waterfall,2013
Ryan Dolan,Ireland,English,Only Love Survives,2013
Mariya Yaremchuk,Ukraine,English,Tick - Tock,2014
Teo | Юрий Ващук,Belarus,English,Cheesecake,2014
Dilara Kazimova,Azerbaijan,English,Start A Fire,2014
Pollapönk,Iceland,English,No Prejudice,2014
Carl Espen,Norway,English,Silent Storm,2014
Paula Seling & OVI,Romania,English,Miracle,2014
Aram MP3 | Արամ Սարգսյան,Armenia,English,Not Alone,2014
Sergej Ćetković,Montenegro,Montenegrin,Moj Svijet,2014
Donatan & Cleo,Poland,Polish-English,My Slowianie We Are Slavic,2014
Freaky Fortune feat. RiskyKidd,Greece,English,Rise Up,2014
Conchita Wurst,Austria,English,Rise Like A Phoenix,2014
Elaiza,Germany,English,Is It Right,2014
Sanna Nielsen,Sweden,English,Undo,2014
Twin Twin,France,French,Moustache,2014
Tolmachevy Sisters,Russia,English,Shine,2014
Emma,Italy,Italian,La Mia Cittá,2014
Tinkara Kovač,Slovenia,English-Slovenian,Round And Round,2014
Softengine,Finland,English,Something Better,2014
Ruth Lorenzo,Spain,English-Spanish,Dancing In The Rain,2014
Sebalter,Switzerland,English,Hunter Of The Stars,2014
András Kállay-Saunders,Hungary,English,Running,2014
Firelight,Malta,English,Coming Home,2014
Basim,Denmark,English,Cliche Love Song,2014
The Common Linnets,Netherlands,English,Calm After The Storm,2014
Valentina Monetta,San Marino,English,Maybe,2014
Molly,United Kingdom,English,Children Of The Universe,2014
Maraaya,Slovenia,English,Here For You,2015
Lisa Angell,France,French,N'oubliez Pas,2015
Nadav Guedj,Israel,English,Golden Boy,2015
Elina Born & Stig Rästa,Estonia,English,Goodbye To Yesterday,2015
Electro Velvet,United Kingdom,English,Still In Love With You,2015
Genealogy,Armenia,English,Face The Shadow,2015
Monika Linkytė & Vaidas Baumila,Lithuania,English,This Time,2015
Bojana,Serbia,English,Beauty Never Lies,2015
Mørland & Debrah Scarlett,Norway,English,A Monster Like Me,2015
Måns Zelmerlöw,Sweden,English,Heroes,2015
John Karayiannis,Cyprus,English,One Thing I Should Have Done,2015
Guy Sebastian,Australia,English,Tonight Again,2015
Loïc Nottet,Belgium,English,Rhythm Inside,2015
The Makemakes,Austria,English,I Am Yours,2015
Maria-Elena Kyriakou,Greece,English,One Last Breath,2015
Knez,Montenegro,Montenegrin,Adio,2015
Ann Sophie,Germany,English,Black Smoke,2015
Monika Kuszyńska,Poland,English,In The Name Of Love,2015
Aminata,Latvia,English,Love Injected,2015
Voltaj,Romania,English-Romanian,De La Capăt (all Over Again),2015
Edurne,Spain,Spanish,Amanecer,2015
Boggie,Hungary,English,Wars For Nothing,2015
Nina Sublatti,Georgia,English,Warrior,2015
Elnur Hüseynov,Azerbaijan,English,Hour Of The Wolf,2015
Polina,Russia,English,A Million Voices,2015
Elhaida Dani,Albania,English,I'm Alive,2015
Il Volo,Italy,Italian,Grande Amore,2015
Laura Tesoro,Belgium,English,What's The Pressure,2016
Gabriela Guncíková,Czech Republic,English,I Stand,2016
Douwe Bob,Netherlands,English,Slow Down,2016
Samra,Azerbaijan,English,Miracle,2016
Freddie,Hungary,English,Pioneer,2016
Francesca Michielin,Italy,Italian-English,No Degree Of Separation,2016
Hovi Star,Israel,English,Made Of Stars,2016
Poli Genova,Bulgaria,English-Bulgarian,If Love Was A Crime,2016
Frans,Sweden,English,If I Were Sorry,2016
Jamie-Lee Kriewitz,Germany,English,Ghost,2016
Amir,France,French-English,J'ai Cherché,2016
Michał Szpak,Poland,English,Color Of Your Life,2016
Dami Im,Australia,English,Sound Of Silence,2016
Minus One,Cyprus,English,Alter Ego,2016
Sanja Vučić ZAA,Serbia,English,Goodbye (Shelter),2016
Donny Montell,Lithuania,English,I've Been Waiting For This Night,2016
Nina Kraljic,Croatia,English,Lighthouse,2016
Sergey Lazarev,Russia,English,You Are The Only One,2016
Barei,Spain,English,Say Yay!,2016
Justs,Latvia,English,Heartbeat,2016
Jamala,Ukraine,English-Crimean Tatar,1944,2016
Ira Losco,Malta,English,Walk On Water,2016
Nika Kocharov & Young Georgian Lolitaz,Georgia,English,Midnight Gold,2016
Zoë,Austria,French,Loin D'ici,2016
Joe & Jake,United Kingdom,English,You're Not Alone,2016
Iveta Mukuchyan,Armenia,English,Lovewave,2016
Imri Ziv | אימרי זיו,Israel,English,I Feel Alive,2017
Kasia Moś,Poland,English,Flashlight,2017
Naviband,Belarus,Belarusian,Historyja Majho Žyccia | Гісторыя майго жыцця,2017
Nathan Trent,Austria,English,Running On Air,2017
Artsvik,Armenia,English,Fly With Me,2017
O'G3NE,Netherlands,English,Lights And Shadows,2017
SunStroke Project,Moldova,English,"Hey, Mamma!",2017
Joci Pápai,Hungary,Hungarian,Origo,2017
Francesco Gabbani,Italy,Italian,Occidentali’s Karma,2017
Anja Nissen,Denmark,English,Where I Am,2017
Salvador Sobral,Portugal,Portuguese,Amar Pelos Dois,2017
Dihaj,Azerbaijan,English,Skeletons,2017
Jacques Houdek,Croatia,English-Italian,My Friend,2017
Isaiah,Australia,English,Don't Come Easy,2017
Demy,Greece,English,This Is Love,2017
Manel Navarro,Spain,Spanish-English,Do It For Your Lover,2017
JOWST feat. Aleksander Walmann,Norway,English,Grab The Moment,2017
Lucie Jones,United Kingdom,English,Never Give Up On You,2017
Hovig,Cyprus,English,Gravity,2017
Ilinca feat. Alex Florea,Romania,English,Yodel It!,2017
Levina,Germany,English,Perfect Life,2017
O.Torvald,Ukraine,English,Time,2017
Blanche,Belgium,English,City Lights,2017
Robin Bengtsson,Sweden,English,I Can't Go On,2017
Kristian Kostov,Bulgaria,English,Beautiful Mess,2017
Alma,France,French-English,Requiem,2017
Mélovin,Ukraine,English,Under The Ladder,2018
Alfred Y Amaia,Spain,Spanish,Tu Canción,2018
Lea Sirk,Slovenia,Slovenian,"Hvala, Ne!",2018
Ieva Zasimauskaite,Lithuania,English,When We're Old,2018
Cesár Sampson,Austria,English,Nobody But You,2018
Elina Nechayeva,Estonia,Italian,La Forza,2018
Alexander Rybak,Norway,English,That's How You Write A Song,2018
Cláudia Pascoal,Portugal,Portuguese,O Jardim,2018
SuRie,United Kingdom,English,Storm,2018
Sanja Ilić & Balkanika,Serbia,Serbian,Nova Deca | Нова деца,2018
Michael Schulte,Germany,German,You Let Me Walk Alone,2018
Eugent Bushpepa,Albania,Albanian,Mall,2018
Madame Monsieur,France,French,Mercy,2018
Mikolas Josef,Czech Republic,English,Lie To Me,2018
Rasmussen,Denmark,English,Higher Ground,2018
Jessica Mauboy,Australia,English,We Got Love,2018
Saara Aalto,Finland,English,Monsters,2018
Equinox,Bulgaria,English,Bones,2018
DoReDos,Moldova,English,My Lucky Day,2018
Benjamin Ingrosso,Sweden,English,Dance You Off,2018
AWS,Hungary,Hungarian,Viszlát Nyár,2018
Netta,Israel,English,Toy,2018
Waylon,Netherlands,English,Outlaw In 'em,2018
Ryan O'Shaughnessy,Ireland,English,Together,2018
Eleni Foureira,Cyprus,English,Fuego,2018
Ermal Meta & Fabrizio Moro,Italy,Italian,Non Mi Avete Fatto Niente,2018
Michela,Malta,English,Chameleon,2019
Jonida Maliqi,Albania,Albanian,Ktheju Tokës,2019
Lake Malawi,Czech Republic,English,Friend Of A Friend,2019
S!sters,Germany,English,Sister,2019
Sergey Lazarev,Russia,English,Scream,2019
Leonora,Denmark,English,Love Is Forever,2019
Serhat,San Marino,English,Say Na Na Na,2019
Tamara Todevska,North Macedonia,English,Proud,2019
John Lundvik,Sweden,English,Too Late For Love,2019
Zala Kralj & Gašper Šantl,Slovenia,Slovenian,Sebi,2019
Tamta,Cyprus,English,Replay,2019
Duncan Laurence,Netherlands,English,Arcade,2019
Katerine Duska,Greece,English,Better Love,2019
Kobi Marimi,Israel,English,Home,2019
KEiiNO,Norway,English,Spirit In The Sky,2019
Michael Rice,United Kingdom,English,Bigger Than Us,2019
Hatari,Iceland,Icelandic,Hatrið Mun Sigra,2019
Victor Crone,Estonia,English,Storm,2019
ZENA,Belarus,English,Like It,2019
Chingiz,Azerbaijan,English,Truth,2019
Bilal Hassani,France,French-English,Roi,2019
Mahmood,Italy,Italian-Arabic,Soldi,2019
Nevena Božovic,Serbia,Serbian-English,Kruna,2019
Luca Hänni,Switzerland,English,She Got Me,2019
Kate Miller-Heidke,Australia,English,Zero Gravity,2019
Miki,Spain,Spanish,La Venda,2019
Elena Tsagrinou,Cyprus,English,El Diablo,2021
Anxhela Peristeri,Albania,Albanian,Karma,2021
Eden Alene,Israel,English,Set Me Free,2021
Hooverphonic,Belgium,English,The Wrong Place,2021
Manizha,Russia,Russian-English,Russian Woman,2021
Destiny,Malta,English,Je Me Casse,2021
The Black Mamba,Portugal,English,Love Is On My Side,2021
Hurricane,Serbia,Serbian,Loco Loco,2021
James Newman,United Kingdom,English,Embers,2021
Stefania,Greece,English,Last Dance,2021
Gjon's Tears,Switzerland,French,Tout l'Univers,2021
Daði og Gagnamagnið,Iceland,English,10 Years,2021
Blas Cantó,Spain,Spanish,Voy A Quedarme,2021
Natalia Gordienko,Moldova,English,Sugar,2021
Jendrik,Germany,English,I Don't Feel Hate,2021
Blind Channel,Finland,English,Dark Side,2021
Victoria,Bulgaria,English,Growing Up Is Getting Old,2021
The Roop,Lithuania,English,Discoteque,2021
Go_A,Ukraine,Ukrainian,Shum,2021
Barbara Pravi,France,French,Voilà,2021
Efendi,Azerbaijan,English,Mata Hari,2021
Tix,Norway,English,Fallen Angel,2021
Jeangu Macrooy,Netherlands,English-Sranan Tongo,Birth Of A New Age,2021
Måneskin,Italy,Italian,Zitti E Buoni,2021
Tusse,Sweden,English,Voices,2021
Senhit ft. Flo Rida,San Marino,English,Adrenalina,2021
Ben Dolic,Germany,English,Violent Thing,2020
Blas Cantó,Spain,Spanish,Universo,2020
Tom Leeb,France,French-English,Mon Alliée (The Best In Me),2020
James Newman,United Kingdom,English,My Last Breath,2020
Diodato,Italy,Italian,Fai Rumore,2020
Jeangu Macrooy,Netherlands,English,Grow,2020
